n,scenario,spp,value
1,baseline,dblr,289411
1,baseline,shore,209224
1,baseline,cicon,559627
1,baseline,crane,131777
1,baseline,geese,233441
1,baseline,divduck,103768
1,baseline,TOTAL,691650
1,scenario1,dblr,330032
1,scenario1,shore,244754
1,scenario1,cicon,598737
1,scenario1,crane,118435
1,scenario1,geese,240137
1,scenario1,divduck,130126
1,scenario1,TOTAL,717923
1,scenario2_alt,dblr,280247
1,scenario2_alt,shore,227609
1,scenario2_alt,cicon,544620
1,scenario2_alt,crane,125126
1,scenario2_alt,geese,278462
1,scenario2_alt,divduck,97638
1,scenario2_alt,TOTAL,659064
1,scenario3_alt,dblr,320991
1,scenario3_alt,shore,267402
1,scenario3_alt,cicon,584047
1,scenario3_alt,crane,111173
1,scenario3_alt,geese,282422
1,scenario3_alt,divduck,124523
1,scenario3_alt,TOTAL,682880
2,baseline,dblr,269847
2,baseline,shore,258608
2,baseline,cicon,258025
2,baseline,crane,276924
2,baseline,geese,268066
2,baseline,divduck,82939
2,baseline,TOTAL,546218
2,scenario1,dblr,305333
2,scenario1,shore,288767
2,scenario1,cicon,313020
2,scenario1,crane,273696
2,scenario1,geese,279519
2,scenario1,divduck,109913
2,scenario1,TOTAL,587726
2,scenario2_alt,dblr,256810
2,scenario2_alt,shore,249312
2,scenario2_alt,cicon,277498
2,scenario2_alt,crane,244763
2,scenario2_alt,geese,272539
2,scenario2_alt,divduck,77648
2,scenario2_alt,TOTAL,519670
2,scenario3_alt,dblr,292220
2,scenario3_alt,shore,278274
2,scenario3_alt,cicon,332413
2,scenario3_alt,crane,241754
2,scenario3_alt,geese,280699
2,scenario3_alt,divduck,103835
2,scenario3_alt,TOTAL,560274
3,baseline,dblr,297812
3,baseline,shore,217294
3,baseline,cicon,377803
3,baseline,crane,43335
3,baseline,geese,291982
3,baseline,divduck,80182
3,baseline,TOTAL,601913
3,scenario1,dblr,336391
3,scenario1,shore,253875
3,scenario1,cicon,439435
3,scenario1,crane,37075
3,scenario1,geese,280662
3,scenario1,divduck,107806
3,scenario1,TOTAL,650345
3,scenario2_alt,dblr,284705
3,scenario2_alt,shore,211260
3,scenario2_alt,cicon,388314
3,scenario2_alt,crane,42468
3,scenario2_alt,geese,295821
3,scenario2_alt,divduck,81262
3,scenario2_alt,TOTAL,583542
3,scenario3_alt,dblr,323230
3,scenario3_alt,shore,251453
3,scenario3_alt,cicon,445000
3,scenario3_alt,crane,34963
3,scenario3_alt,geese,280713
3,scenario3_alt,divduck,107256
3,scenario3_alt,TOTAL,627003
4,baseline,dblr,253758
4,baseline,shore,188274
4,baseline,cicon,704728
4,baseline,crane,274128
4,baseline,geese,258405
4,baseline,divduck,145714
4,baseline,TOTAL,755564
4,scenario1,dblr,291602
4,scenario1,shore,219267
4,scenario1,cicon,751992
4,scenario1,crane,269093
4,scenario1,geese,270395
4,scenario1,divduck,173828
4,scenario1,TOTAL,796083
4,scenario2_alt,dblr,247117
4,scenario2_alt,shore,191454
4,scenario2_alt,cicon,673426
4,scenario2_alt,crane,241684
4,scenario2_alt,geese,268153
4,scenario2_alt,divduck,134595
4,scenario2_alt,TOTAL,716347
4,scenario3_alt,dblr,284900
4,scenario3_alt,shore,223963
4,scenario3_alt,cicon,716593
4,scenario3_alt,crane,236902
4,scenario3_alt,geese,283191
4,scenario3_alt,divduck,162118
4,scenario3_alt,TOTAL,753434
5,baseline,dblr,199958
5,baseline,shore,102544
5,baseline,cicon,185984
5,baseline,crane,159929
5,baseline,geese,189200
5,baseline,divduck,49327
5,baseline,TOTAL,439255
5,scenario1,dblr,236975
5,scenario1,shore,137387
5,scenario1,cicon,238097
5,scenario1,crane,157500
5,scenario1,geese,192420
5,scenario1,divduck,56340
5,scenario1,TOTAL,487417
5,scenario2_alt,dblr,195980
5,scenario2_alt,shore,110450
5,scenario2_alt,cicon,210129
5,scenario2_alt,crane,155755
5,scenario2_alt,geese,187002
5,scenario2_alt,divduck,51304
5,scenario2_alt,TOTAL,433334
5,scenario3_alt,dblr,232752
5,scenario3_alt,shore,145386
5,scenario3_alt,cicon,262165
5,scenario3_alt,crane,149930
5,scenario3_alt,geese,187852
5,scenario3_alt,divduck,55336
5,scenario3_alt,TOTAL,477094
6,baseline,dblr,243305
6,baseline,shore,341814
6,baseline,cicon,696131
6,baseline,crane,204195
6,baseline,geese,331706
6,baseline,divduck,60936
6,baseline,TOTAL,773112
6,scenario1,dblr,281303
6,scenario1,shore,378493
6,scenario1,cicon,745626
6,scenario1,crane,196711
6,scenario1,geese,348920
6,scenario1,divduck,88089
6,scenario1,TOTAL,809693
6,scenario2_alt,dblr,235672
6,scenario2_alt,shore,324126
6,scenario2_alt,cicon,671449
6,scenario2_alt,crane,185951
6,scenario2_alt,geese,339478
6,scenario2_alt,divduck,57441
6,scenario2_alt,TOTAL,733520
6,scenario3_alt,dblr,272795
6,scenario3_alt,shore,360582
6,scenario3_alt,cicon,718984
6,scenario3_alt,crane,177214
6,scenario3_alt,geese,355499
6,scenario3_alt,divduck,83060
6,scenario3_alt,TOTAL,769728
7,baseline,dblr,188373
7,baseline,shore,287029
7,baseline,cicon,174838
7,baseline,crane,29396
7,baseline,geese,403279
7,baseline,divduck,94271
7,baseline,TOTAL,558878
7,scenario1,dblr,223729
7,scenario1,shore,319116
7,scenario1,cicon,204557
7,scenario1,crane,28427
7,scenario1,geese,424879
7,scenario1,divduck,120568
7,scenario1,TOTAL,587961
7,scenario2_alt,dblr,186938
7,scenario2_alt,shore,300127
7,scenario2_alt,cicon,219912
7,scenario2_alt,crane,25884
7,scenario2_alt,geese,425003
7,scenario2_alt,divduck,98490
7,scenario2_alt,TOTAL,553684
7,scenario3_alt,dblr,224924
7,scenario3_alt,shore,333336
7,scenario3_alt,cicon,252765
7,scenario3_alt,crane,24580
7,scenario3_alt,geese,443222
7,scenario3_alt,divduck,124025
7,scenario3_alt,TOTAL,582702
8,baseline,dblr,271838
8,baseline,shore,228857
8,baseline,cicon,496185
8,baseline,crane,150711
8,baseline,geese,273074
8,baseline,divduck,108405
8,baseline,TOTAL,647892
8,scenario1,dblr,307697
8,scenario1,shore,241230
8,scenario1,cicon,565765
8,scenario1,crane,148015
8,scenario1,geese,292093
8,scenario1,divduck,136055
8,scenario1,TOTAL,702729
8,scenario2_alt,dblr,269188
8,scenario2_alt,shore,220644
8,scenario2_alt,cicon,532430
8,scenario2_alt,crane,156833
8,scenario2_alt,geese,290341
8,scenario2_alt,divduck,106813
8,scenario2_alt,TOTAL,638955
8,scenario3_alt,dblr,304805
8,scenario3_alt,shore,233890
8,scenario3_alt,cicon,599418
8,scenario3_alt,crane,154821
8,scenario3_alt,geese,307241
8,scenario3_alt,divduck,133976
8,scenario3_alt,TOTAL,692228
9,baseline,dblr,382576
9,baseline,shore,268951
9,baseline,cicon,595226
9,baseline,crane,238522
9,baseline,geese,295818
9,baseline,divduck,92404
9,baseline,TOTAL,763438
9,scenario1,dblr,411270
9,scenario1,shore,293048
9,scenario1,cicon,614107
9,scenario1,crane,231968
9,scenario1,geese,313359
9,scenario1,divduck,121448
9,scenario1,TOTAL,780603
9,scenario2_alt,dblr,359365
9,scenario2_alt,shore,262222
9,scenario2_alt,cicon,588789
9,scenario2_alt,crane,215391
9,scenario2_alt,geese,321648
9,scenario2_alt,divduck,90759
9,scenario2_alt,TOTAL,730411
9,scenario3_alt,dblr,389580
9,scenario3_alt,shore,291585
9,scenario3_alt,cicon,606595
9,scenario3_alt,crane,209124
9,scenario3_alt,geese,332823
9,scenario3_alt,divduck,119191
9,scenario3_alt,TOTAL,746851
10,baseline,dblr,246233
10,baseline,shore,185153
10,baseline,cicon,457892
10,baseline,crane,229940
10,baseline,geese,128120
10,baseline,divduck,51939
10,baseline,TOTAL,638164
10,scenario1,dblr,284524
10,scenario1,shore,223555
10,scenario1,cicon,485791
10,scenario1,crane,219698
10,scenario1,geese,155567
10,scenario1,divduck,79349
10,scenario1,TOTAL,674724
10,scenario2_alt,dblr,247255
10,scenario2_alt,shore,175275
10,scenario2_alt,cicon,497211
10,scenario2_alt,crane,210023
10,scenario2_alt,geese,151775
10,scenario2_alt,divduck,54035
10,scenario2_alt,TOTAL,621923
10,scenario3_alt,dblr,285428
10,scenario3_alt,shore,213156
10,scenario3_alt,cicon,529581
10,scenario3_alt,crane,200082
10,scenario3_alt,geese,180331
10,scenario3_alt,divduck,78894
10,scenario3_alt,TOTAL,663158
11,baseline,dblr,284598
11,baseline,shore,146907
11,baseline,cicon,345269
11,baseline,crane,59127
11,baseline,geese,316843
11,baseline,divduck,113363
11,baseline,TOTAL,536041
11,scenario1,dblr,325108
11,scenario1,shore,171106
11,scenario1,cicon,373420
11,scenario1,crane,58011
11,scenario1,geese,328811
11,scenario1,divduck,142263
11,scenario1,TOTAL,565200
11,scenario2_alt,dblr,272621
11,scenario2_alt,shore,140619
11,scenario2_alt,cicon,362857
11,scenario2_alt,crane,54225
11,scenario2_alt,geese,345203
11,scenario2_alt,divduck,110132
11,scenario2_alt,TOTAL,526544
11,scenario3_alt,dblr,312897
11,scenario3_alt,shore,164055
11,scenario3_alt,cicon,393184
11,scenario3_alt,crane,52702
11,scenario3_alt,geese,357573
11,scenario3_alt,divduck,137542
11,scenario3_alt,TOTAL,554458
12,baseline,dblr,401486
12,baseline,shore,246178
12,baseline,cicon,108417
12,baseline,crane,213842
12,baseline,geese,112773
12,baseline,divduck,79694
12,baseline,TOTAL,498547
12,scenario1,dblr,447166
12,scenario1,shore,277925
12,scenario1,cicon,142675
12,scenario1,crane,207141
12,scenario1,geese,116243
12,scenario1,divduck,106607
12,scenario1,TOTAL,540667
12,scenario2_alt,dblr,388980
12,scenario2_alt,shore,237126
12,scenario2_alt,cicon,128188
12,scenario2_alt,crane,196040
12,scenario2_alt,geese,134984
12,scenario2_alt,divduck,80587
12,scenario2_alt,TOTAL,486585
12,scenario3_alt,dblr,434232
12,scenario3_alt,shore,269362
12,scenario3_alt,cicon,157457
12,scenario3_alt,crane,189100
12,scenario3_alt,geese,136239
12,scenario3_alt,divduck,105738
12,scenario3_alt,TOTAL,523008
13,baseline,dblr,221074
13,baseline,shore,212862
13,baseline,cicon,277539
13,baseline,crane,168647
13,baseline,geese,204234
13,baseline,divduck,106699
13,baseline,TOTAL,592960
13,scenario1,dblr,256142
13,scenario1,shore,242951
13,scenario1,cicon,297092
13,scenario1,crane,156535
13,scenario1,geese,210000
13,scenario1,divduck,135042
13,scenario1,TOTAL,606434
13,scenario2_alt,dblr,215999
13,scenario2_alt,shore,206233
13,scenario2_alt,cicon,285543
13,scenario2_alt,crane,150870
13,scenario2_alt,geese,251468
13,scenario2_alt,divduck,105560
13,scenario2_alt,TOTAL,585583
13,scenario3_alt,dblr,252153
13,scenario3_alt,shore,237108
13,scenario3_alt,cicon,307005
13,scenario3_alt,crane,138943
13,scenario3_alt,geese,253818
13,scenario3_alt,divduck,132925
13,scenario3_alt,TOTAL,595819
14,baseline,dblr,285061
14,baseline,shore,156195
14,baseline,cicon,383074
14,baseline,crane,32340
14,baseline,geese,186105
14,baseline,divduck,77744
14,baseline,TOTAL,593413
14,scenario1,dblr,334283
14,scenario1,shore,175549
14,scenario1,cicon,447909
14,scenario1,crane,29593
14,scenario1,geese,184287
14,scenario1,divduck,105839
14,scenario1,TOTAL,648499
14,scenario2_alt,dblr,286421
14,scenario2_alt,shore,154860
14,scenario2_alt,cicon,404760
14,scenario2_alt,crane,37863
14,scenario2_alt,geese,241885
14,scenario2_alt,divduck,79671
14,scenario2_alt,TOTAL,604649
14,scenario3_alt,dblr,335602
14,scenario3_alt,shore,172097
14,scenario3_alt,cicon,465749
14,scenario3_alt,crane,33698
14,scenario3_alt,geese,241057
14,scenario3_alt,divduck,106566
14,scenario3_alt,TOTAL,650322
15,baseline,dblr,361253
15,baseline,shore,79380
15,baseline,cicon,742876
15,baseline,crane,235798
15,baseline,geese,257723
15,baseline,divduck,130255
15,baseline,TOTAL,813410
15,scenario1,dblr,400048
15,scenario1,shore,97711
15,scenario1,cicon,773358
15,scenario1,crane,231692
15,scenario1,geese,280196
15,scenario1,divduck,156408
15,scenario1,TOTAL,834960
15,scenario2_alt,dblr,350032
15,scenario2_alt,shore,75079
15,scenario2_alt,cicon,720417
15,scenario2_alt,crane,205458
15,scenario2_alt,geese,262768
15,scenario2_alt,divduck,126907
15,scenario2_alt,TOTAL,761743
15,scenario3_alt,dblr,388438
15,scenario3_alt,shore,93947
15,scenario3_alt,cicon,751010
15,scenario3_alt,crane,201877
15,scenario3_alt,geese,286838
15,scenario3_alt,divduck,152157
15,scenario3_alt,TOTAL,784583
16,baseline,dblr,317965
16,baseline,shore,256032
16,baseline,cicon,663482
16,baseline,crane,28548
16,baseline,geese,66885
16,baseline,divduck,81975
16,baseline,TOTAL,712071
16,scenario1,dblr,356771
16,scenario1,shore,287730
16,scenario1,cicon,681937
16,scenario1,crane,27622
16,scenario1,geese,71493
16,scenario1,divduck,109879
16,scenario1,TOTAL,735123
16,scenario2_alt,dblr,311269
16,scenario2_alt,shore,255297
16,scenario2_alt,cicon,663629
16,scenario2_alt,crane,27425
16,scenario2_alt,geese,91298
16,scenario2_alt,divduck,73713
16,scenario2_alt,TOTAL,692730
16,scenario3_alt,dblr,349770
16,scenario3_alt,shore,283558
16,scenario3_alt,cicon,681421
16,scenario3_alt,crane,25539
16,scenario3_alt,geese,97234
16,scenario3_alt,divduck,100997
16,scenario3_alt,TOTAL,714160
17,baseline,dblr,321922
17,baseline,shore,158337
17,baseline,cicon,96178
17,baseline,crane,215553
17,baseline,geese,267654
17,baseline,divduck,139415
17,baseline,TOTAL,455209
17,scenario1,dblr,363106
17,scenario1,shore,168485
17,scenario1,cicon,115355
17,scenario1,crane,207507
17,scenario1,geese,253195
17,scenario1,divduck,174979
17,scenario1,TOTAL,483756
17,scenario2_alt,dblr,315897
17,scenario2_alt,shore,151677
17,scenario2_alt,cicon,103874
17,scenario2_alt,crane,185436
17,scenario2_alt,geese,272971
17,scenario2_alt,divduck,132789
17,scenario2_alt,TOTAL,440491
17,scenario3_alt,dblr,356579
17,scenario3_alt,shore,160365
17,scenario3_alt,cicon,120477
17,scenario3_alt,crane,178538
17,scenario3_alt,geese,256495
17,scenario3_alt,divduck,168430
17,scenario3_alt,TOTAL,468270
18,baseline,dblr,237483
18,baseline,shore,218603
18,baseline,cicon,323397
18,baseline,crane,143372
18,baseline,geese,119695
18,baseline,divduck,70469
18,baseline,TOTAL,475303
18,scenario1,dblr,277052
18,scenario1,shore,244341
18,scenario1,cicon,363487
18,scenario1,crane,137772
18,scenario1,geese,135608
18,scenario1,divduck,96963
18,scenario1,TOTAL,519412
18,scenario2_alt,dblr,232726
18,scenario2_alt,shore,224595
18,scenario2_alt,cicon,331484
18,scenario2_alt,crane,134794
18,scenario2_alt,geese,159360
18,scenario2_alt,divduck,73065
18,scenario2_alt,TOTAL,465873
18,scenario3_alt,dblr,272325
18,scenario3_alt,shore,252242
18,scenario3_alt,cicon,369041
18,scenario3_alt,crane,128111
18,scenario3_alt,geese,176037
18,scenario3_alt,divduck,99605
18,scenario3_alt,TOTAL,507118
19,baseline,dblr,294803
19,baseline,shore,303862
19,baseline,cicon,439371
19,baseline,crane,35568
19,baseline,geese,177348
19,baseline,divduck,125218
19,baseline,TOTAL,560504
19,scenario1,dblr,348806
19,scenario1,shore,306454
19,scenario1,cicon,468747
19,scenario1,crane,34084
19,scenario1,geese,179997
19,scenario1,divduck,151120
19,scenario1,TOTAL,590778
19,scenario2_alt,dblr,290616
19,scenario2_alt,shore,289700
19,scenario2_alt,cicon,427895
19,scenario2_alt,crane,30975
19,scenario2_alt,geese,172914
19,scenario2_alt,divduck,125259
19,scenario2_alt,TOTAL,534237
19,scenario3_alt,dblr,343428
19,scenario3_alt,shore,291464
19,scenario3_alt,cicon,453620
19,scenario3_alt,crane,29302
19,scenario3_alt,geese,174877
19,scenario3_alt,divduck,148453
19,scenario3_alt,TOTAL,564321
20,baseline,dblr,244125
20,baseline,shore,96918
20,baseline,cicon,468636
20,baseline,crane,210448
20,baseline,geese,252004
20,baseline,divduck,18112
20,baseline,TOTAL,645160
20,scenario1,dblr,279844
20,scenario1,shore,148978
20,scenario1,cicon,498536
20,scenario1,crane,202746
20,scenario1,geese,268633
20,scenario1,divduck,24624
20,scenario1,TOTAL,672812
20,scenario2_alt,dblr,246232
20,scenario2_alt,shore,100346
20,scenario2_alt,cicon,512317
20,scenario2_alt,crane,197297
20,scenario2_alt,geese,289136
20,scenario2_alt,divduck,17936
20,scenario2_alt,TOTAL,625420
20,scenario3_alt,dblr,281717
20,scenario3_alt,shore,153904
20,scenario3_alt,cicon,537130
20,scenario3_alt,crane,190798
20,scenario3_alt,geese,308182
20,scenario3_alt,divduck,17563
20,scenario3_alt,TOTAL,651139
21,baseline,dblr,278679
21,baseline,shore,70967
21,baseline,cicon,595039
21,baseline,crane,156848
21,baseline,geese,125460
21,baseline,divduck,110305
21,baseline,TOTAL,618631
21,scenario1,dblr,319255
21,scenario1,shore,89074
21,scenario1,cicon,608080
21,scenario1,crane,155283
21,scenario1,geese,119388
21,scenario1,divduck,138187
21,scenario1,TOTAL,632395
21,scenario2_alt,dblr,268881
21,scenario2_alt,shore,64478
21,scenario2_alt,cicon,597521
21,scenario2_alt,crane,160730
21,scenario2_alt,geese,139068
21,scenario2_alt,divduck,102895
21,scenario2_alt,TOTAL,620970
21,scenario3_alt,dblr,309709
21,scenario3_alt,shore,84830
21,scenario3_alt,cicon,605348
21,scenario3_alt,crane,157556
21,scenario3_alt,geese,132311
21,scenario3_alt,divduck,130660
21,scenario3_alt,TOTAL,629277
22,baseline,dblr,213213
22,baseline,shore,176243
22,baseline,cicon,353172
22,baseline,crane,94157
22,baseline,geese,332713
22,baseline,divduck,98463
22,baseline,TOTAL,612609
22,scenario1,dblr,252221
22,scenario1,shore,212280
22,scenario1,cicon,392521
22,scenario1,crane,87952
22,scenario1,geese,342610
22,scenario1,divduck,119351
22,scenario1,TOTAL,643465
22,scenario2_alt,dblr,209590
22,scenario2_alt,shore,198809
22,scenario2_alt,cicon,416303
22,scenario2_alt,crane,94839
22,scenario2_alt,geese,311536
22,scenario2_alt,divduck,105863
22,scenario2_alt,TOTAL,609550
22,scenario3_alt,dblr,248367
22,scenario3_alt,shore,234573
22,scenario3_alt,cicon,454472
22,scenario3_alt,crane,91838
22,scenario3_alt,geese,320598
22,scenario3_alt,divduck,125570
22,scenario3_alt,TOTAL,637039
23,baseline,dblr,279375
23,baseline,shore,256301
23,baseline,cicon,726616
23,baseline,crane,165407
23,baseline,geese,100155
23,baseline,divduck,131014
23,baseline,TOTAL,786146
23,scenario1,dblr,316535
23,scenario1,shore,288961
23,scenario1,cicon,748809
23,scenario1,crane,163175
23,scenario1,geese,116374
23,scenario1,divduck,158960
23,scenario1,TOTAL,806744
23,scenario2_alt,dblr,271898
23,scenario2_alt,shore,250343
23,scenario2_alt,cicon,700676
23,scenario2_alt,crane,163834
23,scenario2_alt,geese,133653
23,scenario2_alt,divduck,127185
23,scenario2_alt,TOTAL,745439
23,scenario3_alt,dblr,308620
23,scenario3_alt,shore,283130
23,scenario3_alt,cicon,724523
23,scenario3_alt,crane,162242
23,scenario3_alt,geese,150307
23,scenario3_alt,divduck,154437
23,scenario3_alt,TOTAL,765962
24,baseline,dblr,222749
24,baseline,shore,234802
24,baseline,cicon,363341
24,baseline,crane,118539
24,baseline,geese,101098
24,baseline,divduck,106235
24,baseline,TOTAL,496982
24,scenario1,dblr,260811
24,scenario1,shore,250238
24,scenario1,cicon,368719
24,scenario1,crane,116964
24,scenario1,geese,100571
24,scenario1,divduck,133176
24,scenario1,TOTAL,503772
24,scenario2_alt,dblr,214366
24,scenario2_alt,shore,232045
24,scenario2_alt,cicon,376855
24,scenario2_alt,crane,121311
24,scenario2_alt,geese,119480
24,scenario2_alt,divduck,105772
24,scenario2_alt,TOTAL,500516
24,scenario3_alt,dblr,252889
24,scenario3_alt,shore,243267
24,scenario3_alt,cicon,374037
24,scenario3_alt,crane,118974
24,scenario3_alt,geese,119627
24,scenario3_alt,divduck,131382
24,scenario3_alt,TOTAL,501352
25,baseline,dblr,237267
25,baseline,shore,331212
25,baseline,cicon,596734
25,baseline,crane,151114
25,baseline,geese,218108
25,baseline,divduck,129196
25,baseline,TOTAL,681460
25,scenario1,dblr,275665
25,scenario1,shore,356457
25,scenario1,cicon,629893
25,scenario1,crane,144231
25,scenario1,geese,226024
25,scenario1,divduck,158661
25,scenario1,TOTAL,714220
25,scenario2_alt,dblr,230990
25,scenario2_alt,shore,341604
25,scenario2_alt,cicon,578782
25,scenario2_alt,crane,153507
25,scenario2_alt,geese,219844
25,scenario2_alt,divduck,128929
25,scenario2_alt,TOTAL,650055
25,scenario3_alt,dblr,268968
25,scenario3_alt,shore,372287
25,scenario3_alt,cicon,607060
25,scenario3_alt,crane,143556
25,scenario3_alt,geese,227410
25,scenario3_alt,divduck,156789
25,scenario3_alt,TOTAL,678802
26,baseline,dblr,206627
26,baseline,shore,280038
26,baseline,cicon,366074
26,baseline,crane,119083
26,baseline,geese,174316
26,baseline,divduck,166015
26,baseline,TOTAL,644716
26,scenario1,dblr,233459
26,scenario1,shore,321830
26,scenario1,cicon,390698
26,scenario1,crane,113676
26,scenario1,geese,179285
26,scenario1,divduck,205005
26,scenario1,TOTAL,678042
26,scenario2_alt,dblr,206959
26,scenario2_alt,shore,271075
26,scenario2_alt,cicon,377837
26,scenario2_alt,crane,122307
26,scenario2_alt,geese,182870
26,scenario2_alt,divduck,160311
26,scenario2_alt,TOTAL,627567
26,scenario3_alt,dblr,231860
26,scenario3_alt,shore,312545
26,scenario3_alt,cicon,402265
26,scenario3_alt,crane,117751
26,scenario3_alt,geese,188666
26,scenario3_alt,divduck,199461
26,scenario3_alt,TOTAL,657291
27,baseline,dblr,236894
27,baseline,shore,191083
27,baseline,cicon,61862
27,baseline,crane,39790
27,baseline,geese,210999
27,baseline,divduck,55751
27,baseline,TOTAL,375199
27,scenario1,dblr,273610
27,scenario1,shore,213952
27,scenario1,cicon,94229
27,scenario1,crane,38434
27,scenario1,geese,215610
27,scenario1,divduck,83779
27,scenario1,TOTAL,414623
27,scenario2_alt,dblr,237609
27,scenario2_alt,shore,192080
27,scenario2_alt,cicon,78873
27,scenario2_alt,crane,40575
27,scenario2_alt,geese,219067
27,scenario2_alt,divduck,58046
27,scenario2_alt,TOTAL,382037
27,scenario3_alt,dblr,274093
27,scenario3_alt,shore,212606
27,scenario3_alt,cicon,113514
27,scenario3_alt,crane,38886
27,scenario3_alt,geese,222262
27,scenario3_alt,divduck,85660
27,scenario3_alt,TOTAL,417100
28,baseline,dblr,262144
28,baseline,shore,151012
28,baseline,cicon,337932
28,baseline,crane,167415
28,baseline,geese,252016
28,baseline,divduck,85220
28,baseline,TOTAL,536025
28,scenario1,dblr,298388
28,scenario1,shore,176648
28,scenario1,cicon,381230
28,scenario1,crane,155804
28,scenario1,geese,255803
28,scenario1,divduck,111975
28,scenario1,TOTAL,572612
28,scenario2_alt,dblr,253024
28,scenario2_alt,shore,143541
28,scenario2_alt,cicon,337754
28,scenario2_alt,crane,145012
28,scenario2_alt,geese,280918
28,scenario2_alt,divduck,81803
28,scenario2_alt,TOTAL,519963
28,scenario3_alt,dblr,289342
28,scenario3_alt,shore,169393
28,scenario3_alt,cicon,384348
28,scenario3_alt,crane,133393
28,scenario3_alt,geese,281990
28,scenario3_alt,divduck,107328
28,scenario3_alt,TOTAL,557103
29,baseline,dblr,286749
29,baseline,shore,139583
29,baseline,cicon,94018
29,baseline,crane,50905
29,baseline,geese,330123
29,baseline,divduck,137425
29,baseline,TOTAL,461512
29,scenario1,dblr,321785
29,scenario1,shore,166451
29,scenario1,cicon,115910
29,scenario1,crane,48534
29,scenario1,geese,346310
29,scenario1,divduck,166464
29,scenario1,TOTAL,491674
29,scenario2_alt,dblr,278912
29,scenario2_alt,shore,145457
29,scenario2_alt,cicon,111207
29,scenario2_alt,crane,54711
29,scenario2_alt,geese,369342
29,scenario2_alt,divduck,136893
29,scenario2_alt,TOTAL,466143
29,scenario3_alt,dblr,313823
29,scenario3_alt,shore,173995
29,scenario3_alt,cicon,140490
29,scenario3_alt,crane,49359
29,scenario3_alt,geese,386001
29,scenario3_alt,divduck,162073
29,scenario3_alt,TOTAL,494442
30,baseline,dblr,267852
30,baseline,shore,319146
30,baseline,cicon,766973
30,baseline,crane,28269
30,baseline,geese,89863
30,baseline,divduck,27703
30,baseline,TOTAL,810624
30,scenario1,dblr,302988
30,scenario1,shore,345468
30,scenario1,cicon,846258
30,scenario1,crane,26502
30,scenario1,geese,88198
30,scenario1,divduck,37692
30,scenario1,TOTAL,877074
30,scenario2_alt,dblr,275128
30,scenario2_alt,shore,328700
30,scenario2_alt,cicon,726786
30,scenario2_alt,crane,24740
30,scenario2_alt,geese,85785
30,scenario2_alt,divduck,35539
30,scenario2_alt,TOTAL,761217
30,scenario3_alt,dblr,309482
30,scenario3_alt,shore,360840
30,scenario3_alt,cicon,803467
30,scenario3_alt,crane,22420
30,scenario3_alt,geese,83045
30,scenario3_alt,divduck,37386
30,scenario3_alt,TOTAL,825427
31,baseline,dblr,246688
31,baseline,shore,230351
31,baseline,cicon,400797
31,baseline,crane,132913
31,baseline,geese,64383
31,baseline,divduck,86020
31,baseline,TOTAL,533914
31,scenario1,dblr,288312
31,scenario1,shore,245605
31,scenario1,cicon,446867
31,scenario1,crane,123823
31,scenario1,geese,57994
31,scenario1,divduck,109180
31,scenario1,TOTAL,576213
31,scenario2_alt,dblr,247652
31,scenario2_alt,shore,215770
31,scenario2_alt,cicon,429907
31,scenario2_alt,crane,126218
31,scenario2_alt,geese,70250
31,scenario2_alt,divduck,83149
31,scenario2_alt,TOTAL,527947
31,scenario3_alt,dblr,288786
31,scenario3_alt,shore,227491
31,scenario3_alt,cicon,474768
31,scenario3_alt,crane,115005
31,scenario3_alt,geese,64027
31,scenario3_alt,divduck,105962
31,scenario3_alt,TOTAL,568974
32,baseline,dblr,262189
32,baseline,shore,291187
32,baseline,cicon,427868
32,baseline,crane,35366
32,baseline,geese,151571
32,baseline,divduck,114746
32,baseline,TOTAL,544912
32,scenario1,dblr,308271
32,scenario1,shore,324817
32,scenario1,cicon,458441
32,scenario1,crane,33765
32,scenario1,geese,159502
32,scenario1,divduck,143846
32,scenario1,TOTAL,576126
32,scenario2_alt,dblr,263837
32,scenario2_alt,shore,326164
32,scenario2_alt,cicon,440178
32,scenario2_alt,crane,31206
32,scenario2_alt,geese,153528
32,scenario2_alt,divduck,111353
32,scenario2_alt,TOTAL,530316
32,scenario3_alt,dblr,309790
32,scenario3_alt,shore,359799
32,scenario3_alt,cicon,469683
32,scenario3_alt,crane,29520
32,scenario3_alt,geese,160634
32,scenario3_alt,divduck,139895
32,scenario3_alt,TOTAL,560377
33,baseline,dblr,294285
33,baseline,shore,244245
33,baseline,cicon,471061
33,baseline,crane,124028
33,baseline,geese,157192
33,baseline,divduck,133214
33,baseline,TOTAL,561608
33,scenario1,dblr,332086
33,scenario1,shore,270681
33,scenario1,cicon,454319
33,scenario1,crane,114806
33,scenario1,geese,165544
33,scenario1,divduck,173229
33,scenario1,TOTAL,578995
33,scenario2_alt,dblr,289244
33,scenario2_alt,shore,259506
33,scenario2_alt,cicon,470114
33,scenario2_alt,crane,115912
33,scenario2_alt,geese,167984
33,scenario2_alt,divduck,132513
33,scenario2_alt,TOTAL,545135
33,scenario3_alt,dblr,327118
33,scenario3_alt,shore,292501
33,scenario3_alt,cicon,453496
33,scenario3_alt,crane,106168
33,scenario3_alt,geese,176029
33,scenario3_alt,divduck,172204
33,scenario3_alt,TOTAL,560100
34,baseline,dblr,310670
34,baseline,shore,266638
34,baseline,cicon,644406
34,baseline,crane,138804
34,baseline,geese,322492
34,baseline,divduck,65524
34,baseline,TOTAL,725977
34,scenario1,dblr,348970
34,scenario1,shore,297939
34,scenario1,cicon,675804
34,scenario1,crane,130293
34,scenario1,geese,330493
34,scenario1,divduck,93409
34,scenario1,TOTAL,753919
34,scenario2_alt,dblr,303836
34,scenario2_alt,shore,267889
34,scenario2_alt,cicon,639818
34,scenario2_alt,crane,138848
34,scenario2_alt,geese,330627
34,scenario2_alt,divduck,68453
34,scenario2_alt,TOTAL,699805
34,scenario3_alt,dblr,342192
34,scenario3_alt,shore,297114
34,scenario3_alt,cicon,667265
34,scenario3_alt,crane,129627
34,scenario3_alt,geese,334686
34,scenario3_alt,divduck,95721
34,scenario3_alt,TOTAL,724303
35,baseline,dblr,287228
35,baseline,shore,246073
35,baseline,cicon,733057
35,baseline,crane,97011
35,baseline,geese,172189
35,baseline,divduck,113852
35,baseline,TOTAL,775225
35,scenario1,dblr,323278
35,scenario1,shore,283435
35,scenario1,cicon,761269
35,scenario1,crane,84005
35,scenario1,geese,157888
35,scenario1,divduck,141686
35,scenario1,TOTAL,802179
35,scenario2_alt,dblr,275260
35,scenario2_alt,shore,241978
35,scenario2_alt,cicon,714018
35,scenario2_alt,crane,93256
35,scenario2_alt,geese,174407
35,scenario2_alt,divduck,111430
35,scenario2_alt,TOTAL,744162
35,scenario3_alt,dblr,311196
35,scenario3_alt,shore,279048
35,scenario3_alt,cicon,734761
35,scenario3_alt,crane,81496
35,scenario3_alt,geese,159157
35,scenario3_alt,divduck,138307
35,scenario3_alt,TOTAL,766237
36,baseline,dblr,354583
36,baseline,shore,215055
36,baseline,cicon,492809
36,baseline,crane,71080
36,baseline,geese,211067
36,baseline,divduck,123518
36,baseline,TOTAL,664200
36,scenario1,dblr,395096
36,scenario1,shore,207083
36,scenario1,cicon,534491
36,scenario1,crane,66937
36,scenario1,geese,206896
36,scenario1,divduck,149534
36,scenario1,TOTAL,706403
36,scenario2_alt,dblr,344181
36,scenario2_alt,shore,204529
36,scenario2_alt,cicon,469811
36,scenario2_alt,crane,76414
36,scenario2_alt,geese,232248
36,scenario2_alt,divduck,121062
36,scenario2_alt,TOTAL,632574
36,scenario3_alt,dblr,384679
36,scenario3_alt,shore,197484
36,scenario3_alt,cicon,508391
36,scenario3_alt,crane,70876
36,scenario3_alt,geese,225162
36,scenario3_alt,divduck,144470
36,scenario3_alt,TOTAL,669608
37,baseline,dblr,284308
37,baseline,shore,199329
37,baseline,cicon,278114
37,baseline,crane,289454
37,baseline,geese,180663
37,baseline,divduck,83376
37,baseline,TOTAL,630479
37,scenario1,dblr,321286
37,scenario1,shore,190856
37,scenario1,cicon,314781
37,scenario1,crane,280007
37,scenario1,geese,194838
37,scenario1,divduck,111142
37,scenario1,TOTAL,655959
37,scenario2_alt,dblr,269513
37,scenario2_alt,shore,200167
37,scenario2_alt,cicon,304409
37,scenario2_alt,crane,267535
37,scenario2_alt,geese,204653
37,scenario2_alt,divduck,72608
37,scenario2_alt,TOTAL,600369
37,scenario3_alt,dblr,306519
37,scenario3_alt,shore,188834
37,scenario3_alt,cicon,341097
37,scenario3_alt,crane,258945
37,scenario3_alt,geese,214282
37,scenario3_alt,divduck,100590
37,scenario3_alt,TOTAL,623999
38,baseline,dblr,253921
38,baseline,shore,216823
38,baseline,cicon,173396
38,baseline,crane,83287
38,baseline,geese,146025
38,baseline,divduck,118313
38,baseline,TOTAL,441034
38,scenario1,dblr,289787
38,scenario1,shore,245368
38,scenario1,cicon,213966
38,scenario1,crane,76773
38,scenario1,geese,150855
38,scenario1,divduck,146541
38,scenario1,TOTAL,480153
38,scenario2_alt,dblr,245535
38,scenario2_alt,shore,247965
38,scenario2_alt,cicon,192160
38,scenario2_alt,crane,100644
38,scenario2_alt,geese,153715
38,scenario2_alt,divduck,116456
38,scenario2_alt,TOTAL,439109
38,scenario3_alt,dblr,281089
38,scenario3_alt,shore,280194
38,scenario3_alt,cicon,233728
38,scenario3_alt,crane,93548
38,scenario3_alt,geese,157104
38,scenario3_alt,divduck,143426
38,scenario3_alt,TOTAL,478110
39,baseline,dblr,179572
39,baseline,shore,133583
39,baseline,cicon,110731
39,baseline,crane,215993
39,baseline,geese,83563
39,baseline,divduck,115229
39,baseline,TOTAL,398371
39,scenario1,dblr,205871
39,scenario1,shore,132387
39,scenario1,cicon,165113
39,scenario1,crane,209552
39,scenario1,geese,95280
39,scenario1,divduck,145161
39,scenario1,TOTAL,439908
39,scenario2_alt,dblr,175066
39,scenario2_alt,shore,138521
39,scenario2_alt,cicon,138499
39,scenario2_alt,crane,199013
39,scenario2_alt,geese,90155
39,scenario2_alt,divduck,110956
39,scenario2_alt,TOTAL,384745
39,scenario3_alt,dblr,199559
39,scenario3_alt,shore,135817
39,scenario3_alt,cicon,196750
39,scenario3_alt,crane,191616
39,scenario3_alt,geese,103623
39,scenario3_alt,divduck,139964
39,scenario3_alt,TOTAL,428090
40,baseline,dblr,297380
40,baseline,shore,241160
40,baseline,cicon,895019
40,baseline,crane,169020
40,baseline,geese,130103
40,baseline,divduck,47280
40,baseline,TOTAL,900861
40,scenario1,dblr,334120
40,scenario1,shore,274696
40,scenario1,cicon,924579
40,scenario1,crane,166151
40,scenario1,geese,140622
40,scenario1,divduck,63091
40,scenario1,TOTAL,929468
40,scenario2_alt,dblr,289755
40,scenario2_alt,shore,253455
40,scenario2_alt,cicon,838480
40,scenario2_alt,crane,163641
40,scenario2_alt,geese,149731
40,scenario2_alt,divduck,52820
40,scenario2_alt,TOTAL,844130
40,scenario3_alt,dblr,326560
40,scenario3_alt,shore,286634
40,scenario3_alt,cicon,868926
40,scenario3_alt,crane,159400
40,scenario3_alt,geese,159688
40,scenario3_alt,divduck,70642
40,scenario3_alt,TOTAL,873082
41,baseline,dblr,275239
41,baseline,shore,268959
41,baseline,cicon,66296
41,baseline,crane,275438
41,baseline,geese,294883
41,baseline,divduck,107165
41,baseline,TOTAL,511633
41,scenario1,dblr,313447
41,scenario1,shore,303419
41,scenario1,cicon,87426
41,scenario1,crane,260322
41,scenario1,geese,319881
41,scenario1,divduck,136352
41,scenario1,TOTAL,536644
41,scenario2_alt,dblr,263143
41,scenario2_alt,shore,258401
41,scenario2_alt,cicon,79702
41,scenario2_alt,crane,253146
41,scenario2_alt,geese,290202
41,scenario2_alt,divduck,104046
41,scenario2_alt,TOTAL,485645
41,scenario3_alt,dblr,301236
41,scenario3_alt,shore,292155
41,scenario3_alt,cicon,97355
41,scenario3_alt,crane,237881
41,scenario3_alt,geese,313505
41,scenario3_alt,divduck,132621
41,scenario3_alt,TOTAL,509941
42,baseline,dblr,245678
42,baseline,shore,218507
42,baseline,cicon,707048
42,baseline,crane,198004
42,baseline,geese,111512
42,baseline,divduck,95349
42,baseline,TOTAL,772470
42,scenario1,dblr,287515
42,scenario1,shore,254514
42,scenario1,cicon,753089
42,scenario1,crane,190039
42,scenario1,geese,100538
42,scenario1,divduck,123581
42,scenario1,TOTAL,810123
42,scenario2_alt,dblr,243178
42,scenario2_alt,shore,226239
42,scenario2_alt,cicon,698394
42,scenario2_alt,crane,174467
42,scenario2_alt,geese,119303
42,scenario2_alt,divduck,93256
42,scenario2_alt,TOTAL,738318
42,scenario3_alt,dblr,284950
42,scenario3_alt,shore,262278
42,scenario3_alt,cicon,736756
42,scenario3_alt,crane,166452
42,scenario3_alt,geese,109072
42,scenario3_alt,divduck,120863
42,scenario3_alt,TOTAL,769324
43,baseline,dblr,313473
43,baseline,shore,211797
43,baseline,cicon,284059
43,baseline,crane,78964
43,baseline,geese,216815
43,baseline,divduck,58152
43,baseline,TOTAL,515637
43,scenario1,dblr,357644
43,scenario1,shore,245595
43,scenario1,cicon,343404
43,scenario1,crane,69533
43,scenario1,geese,220808
43,scenario1,divduck,76759
43,scenario1,TOTAL,562891
43,scenario2_alt,dblr,307510
43,scenario2_alt,shore,195274
43,scenario2_alt,cicon,315657
43,scenario2_alt,crane,77767
43,scenario2_alt,geese,228494
43,scenario2_alt,divduck,61044
43,scenario2_alt,TOTAL,521472
43,scenario3_alt,dblr,351989
43,scenario3_alt,shore,233529
43,scenario3_alt,cicon,373714
43,scenario3_alt,crane,69282
43,scenario3_alt,geese,229414
43,scenario3_alt,divduck,78259
43,scenario3_alt,TOTAL,567312
44,baseline,dblr,320227
44,baseline,shore,309474
44,baseline,cicon,472414
44,baseline,crane,224314
44,baseline,geese,34410
44,baseline,divduck,135588
44,baseline,TOTAL,716648
44,scenario1,dblr,359559
44,scenario1,shore,336963
44,scenario1,cicon,503394
44,scenario1,crane,215773
44,scenario1,geese,35311
44,scenario1,divduck,165663
44,scenario1,TOTAL,742243
44,scenario2_alt,dblr,303984
44,scenario2_alt,shore,313069
44,scenario2_alt,cicon,476079
44,scenario2_alt,crane,204704
44,scenario2_alt,geese,50306
44,scenario2_alt,divduck,133665
44,scenario2_alt,TOTAL,683205
44,scenario3_alt,dblr,343927
44,scenario3_alt,shore,343197
44,scenario3_alt,cicon,502852
44,scenario3_alt,crane,196269
44,scenario3_alt,geese,51027
44,scenario3_alt,divduck,162135
44,scenario3_alt,TOTAL,702593
45,baseline,dblr,270733
45,baseline,shore,114105
45,baseline,cicon,158955
45,baseline,crane,66733
45,baseline,geese,105142
45,baseline,divduck,129857
45,baseline,TOTAL,367829
45,scenario1,dblr,307330
45,scenario1,shore,137985
45,scenario1,cicon,195276
45,scenario1,crane,63405
45,scenario1,geese,105885
45,scenario1,divduck,166177
45,scenario1,TOTAL,405562
45,scenario2_alt,dblr,259607
45,scenario2_alt,shore,117193
45,scenario2_alt,cicon,161015
45,scenario2_alt,crane,65527
45,scenario2_alt,geese,125562
45,scenario2_alt,divduck,123479
45,scenario2_alt,TOTAL,363682
45,scenario3_alt,dblr,296158
45,scenario3_alt,shore,141348
45,scenario3_alt,cicon,197923
45,scenario3_alt,crane,62001
45,scenario3_alt,geese,125118
45,scenario3_alt,divduck,157647
45,scenario3_alt,TOTAL,400325
46,baseline,dblr,332363
46,baseline,shore,249703
46,baseline,cicon,236282
46,baseline,crane,81468
46,baseline,geese,163670
46,baseline,divduck,62547
46,baseline,TOTAL,534966
46,scenario1,dblr,376587
46,scenario1,shore,277327
46,scenario1,cicon,280379
46,scenario1,crane,75193
46,scenario1,geese,160512
46,scenario1,divduck,80655
46,scenario1,TOTAL,564860
46,scenario2_alt,dblr,321380
46,scenario2_alt,shore,276325
46,scenario2_alt,cicon,238605
46,scenario2_alt,crane,81475
46,scenario2_alt,geese,191787
46,scenario2_alt,divduck,63591
46,scenario2_alt,TOTAL,530277
46,scenario3_alt,dblr,364746
46,scenario3_alt,shore,306461
46,scenario3_alt,cicon,282538
46,scenario3_alt,crane,74174
46,scenario3_alt,geese,195651
46,scenario3_alt,divduck,84451
46,scenario3_alt,TOTAL,558589
47,baseline,dblr,260388
47,baseline,shore,156184
47,baseline,cicon,474795
47,baseline,crane,137824
47,baseline,geese,206458
47,baseline,divduck,61331
47,baseline,TOTAL,682585
47,scenario1,dblr,299095
47,scenario1,shore,183648
47,scenario1,cicon,559809
47,scenario1,crane,128069
47,scenario1,geese,205529
47,scenario1,divduck,89268
47,scenario1,TOTAL,749211
47,scenario2_alt,dblr,262747
47,scenario2_alt,shore,167139
47,scenario2_alt,cicon,469551
47,scenario2_alt,crane,131109
47,scenario2_alt,geese,227993
47,scenario2_alt,divduck,61060
47,scenario2_alt,TOTAL,656134
47,scenario3_alt,dblr,300605
47,scenario3_alt,shore,191238
47,scenario3_alt,cicon,555880
47,scenario3_alt,crane,121136
47,scenario3_alt,geese,226516
47,scenario3_alt,divduck,88719
47,scenario3_alt,TOTAL,722416
48,baseline,dblr,209795
48,baseline,shore,144714
48,baseline,cicon,732168
48,baseline,crane,135770
48,baseline,geese,420859
48,baseline,divduck,114975
48,baseline,TOTAL,785743
48,scenario1,dblr,249023
48,scenario1,shore,170648
48,scenario1,cicon,741225
48,scenario1,crane,129193
48,scenario1,geese,436623
48,scenario1,divduck,144068
48,scenario1,TOTAL,801819
48,scenario2_alt,dblr,219273
48,scenario2_alt,shore,179885
48,scenario2_alt,cicon,705375
48,scenario2_alt,crane,148445
48,scenario2_alt,geese,408372
48,scenario2_alt,divduck,113766
48,scenario2_alt,TOTAL,758776
48,scenario3_alt,dblr,256988
48,scenario3_alt,shore,210139
48,scenario3_alt,cicon,715627
48,scenario3_alt,crane,143344
48,scenario3_alt,geese,423885
48,scenario3_alt,divduck,141673
48,scenario3_alt,TOTAL,771727
49,baseline,dblr,293359
49,baseline,shore,258247
49,baseline,cicon,225612
49,baseline,crane,40461
49,baseline,geese,208165
49,baseline,divduck,126246
49,baseline,TOTAL,500551
49,scenario1,dblr,332402
49,scenario1,shore,287266
49,scenario1,cicon,255625
49,scenario1,crane,37791
49,scenario1,geese,219213
49,scenario1,divduck,153162
49,scenario1,TOTAL,534406
49,scenario2_alt,dblr,278977
49,scenario2_alt,shore,254416
49,scenario2_alt,cicon,256289
49,scenario2_alt,crane,33878
49,scenario2_alt,geese,203032
49,scenario2_alt,divduck,124192
49,scenario2_alt,TOTAL,486539
49,scenario3_alt,dblr,317466
49,scenario3_alt,shore,285382
49,scenario3_alt,cicon,283974
49,scenario3_alt,crane,31564
49,scenario3_alt,geese,214442
49,scenario3_alt,divduck,149501
49,scenario3_alt,TOTAL,519600
50,baseline,dblr,299175
50,baseline,shore,141846
50,baseline,cicon,774331
50,baseline,crane,23108
50,baseline,geese,147739
50,baseline,divduck,120399
50,baseline,TOTAL,797857
50,scenario1,dblr,338537
50,scenario1,shore,159565
50,scenario1,cicon,796205
50,scenario1,crane,24169
50,scenario1,geese,142971
50,scenario1,divduck,146282
50,scenario1,TOTAL,819323
50,scenario2_alt,dblr,288392
50,scenario2_alt,shore,144089
50,scenario2_alt,cicon,732833
50,scenario2_alt,crane,20241
50,scenario2_alt,geese,183806
50,scenario2_alt,divduck,114454
50,scenario2_alt,TOTAL,752594
50,scenario3_alt,dblr,327862
50,scenario3_alt,shore,158910
50,scenario3_alt,cicon,754247
50,scenario3_alt,crane,20391
50,scenario3_alt,geese,178848
50,scenario3_alt,divduck,140259
50,scenario3_alt,TOTAL,774144
