scenario,county,METRIC_CATEGORY,METRIC_SUBTYPE,METRIC,UNIT,SCENARIO,SCENARIO_SE,BASELINE,BASELINE_SE,net_change,net_change_se,change_prop,change_prop_se,change_pct,change_pct_se
scenario1_restoration,Contra Costa & Alameda,Agricultural Livelihoods,livelihoods,Agricultural Jobs,number of employees per 100ha,21903.789397614783,1184.837490187626,21917.99899503447,1185.1312634392782,-14.20959741968909,1675.8209897645072,-6.48307239310864e-4,0.07645867518634591,-0.0648307239310864,7.645867518634591
scenario1_restoration,Contra Costa & Alameda,Agricultural Livelihoods,livelihoods,Annual Wages,annual dollars per employee (thousands),39.041559510225134,0.7382937765189753,39.0456848299329,0.7391573434656614,-0.0041253197077679715,1.044715884269912,-1.056536650781305e-4,0.02675624442852363,-0.01056536650781305,2.6756244428523632
scenario1_restoration,Contra Costa & Alameda,Agricultural Livelihoods,production value,Gross Production Value,USD per ha per year (millions),67667.11292549084,1701.4303294049446,67682.30581998055,1701.5234992888152,-15.192894489708124,2406.2517292359653,-2.2447365386926601e-4,0.03555215399944426,-0.022447365386926602,3.555215399944426
scenario1_restoration,Contra Costa & Alameda,Biodiversity Support,avian conservation contribution,Breeding Landbirds: Grassland,ranking,106348.23422589898,NA,106666.02423852682,NA,-317.79001262784004,NA,-0.002979299312002079,NA,-0.2979299312002079,NA
scenario1_restoration,Contra Costa & Alameda,Biodiversity Support,avian conservation contribution,Breeding Landbirds: Oak Savannah,ranking,56646.002250909805,NA,56805.7522572577,NA,-159.75000634789467,NA,-0.002812215312710421,NA,-0.2812215312710421,NA
scenario1_restoration,Contra Costa & Alameda,Biodiversity Support,avian conservation contribution,Breeding Landbirds: Riparian,ranking,13311.540528953075,NA,13343.760530233383,NA,-32.22000128030777,NA,-0.0024146117735930504,NA,-0.24146117735930503,NA
scenario1_restoration,Contra Costa & Alameda,Biodiversity Support,avian conservation contribution,Breeding Waterbirds: Other Waterbirds,ranking,11577.150460034609,NA,11608.920461297035,NA,-31.770001262426376,NA,-0.002736688684218687,NA,-0.2736688684218687,NA
scenario1_restoration,Contra Costa & Alameda,Biodiversity Support,avian conservation contribution,Breeding Waterbirds: Shorebirds,ranking,11577.150460034609,NA,11608.920461297035,NA,-31.770001262426376,NA,-0.002736688684218687,NA,-0.2736688684218687,NA
scenario1_restoration,Contra Costa & Alameda,Biodiversity Support,avian conservation contribution,Breeding Waterbirds: Waterfowl,ranking,121908.3348442018,NA,122226.03485682607,NA,-317.70001262426376,NA,-0.002599282656893953,NA,-0.2599282656893953,NA
scenario1_restoration,Contra Costa & Alameda,Biodiversity Support,avian conservation contribution,Wintering Waterbirds: Other Waterbirds,ranking,58485.69232401252,NA,58517.462325274944,NA,-31.770001262426376,NA,-5.42914883865431e-4,NA,-0.054291488386543095,NA
scenario1_restoration,Contra Costa & Alameda,Biodiversity Support,avian conservation contribution,Wintering Waterbirds: Shorebirds,ranking,63614.61252781749,NA,63646.382529079914,NA,-31.770001262426376,NA,-4.991642886838184e-4,NA,-0.04991642886838184,NA
scenario1_restoration,Contra Costa & Alameda,Biodiversity Support,avian conservation contribution,Wintering Waterbirds: Waterfowl,ranking,65556.45260497928,NA,65588.2226062417,NA,-31.770001262426376,NA,-4.8438576317515555e-4,NA,-0.04843857631751555,NA
scenario1_restoration,Contra Costa & Alameda,Biodiversity Support,species distribution: riparian,Ash-throated Flycatcher,ha,983100.403066621,NA,984410.651423389,NA,-1310.24835676793,NA,-0.0013309977445625995,NA,-0.13309977445625995,NA
scenario1_restoration,Contra Costa & Alameda,Biodiversity Support,species distribution: riparian,Black-headed Grosbeak,ha,1251992.3859472077,NA,1261288.7831169695,NA,-9296.397169761825,NA,-0.007370554066760218,NA,-0.7370554066760218,NA
scenario1_restoration,Contra Costa & Alameda,Biodiversity Support,species distribution: riparian,Common Yellowthroat,ha,1398769.3988018152,NA,1393937.4833600388,NA,4831.915441776393,NA,0.003466378872407696,NA,0.3466378872407696,NA
scenario1_restoration,Contra Costa & Alameda,Biodiversity Support,species distribution: riparian,Lazuli Bunting,ha,613322.0235219847,NA,613498.3471613792,NA,-176.3236393944826,NA,-2.8740686948925244e-4,NA,-0.028740686948925245,NA
scenario1_restoration,Contra Costa & Alameda,Biodiversity Support,species distribution: riparian,Nuttall's Woodpecker,ha,453248.52512320504,NA,454255.27083506394,NA,-1006.7457118589082,NA,-0.002216255432783847,NA,-0.22162554327838468,NA
scenario1_restoration,Contra Costa & Alameda,Biodiversity Support,species distribution: riparian,Song Sparrow,ha,4348849.849266559,NA,4349184.411304776,NA,-334.5620382167399,NA,-7.692523622293811e-5,NA,-0.007692523622293812,NA
scenario1_restoration,Contra Costa & Alameda,Biodiversity Support,species distribution: riparian,Spotted Towhee,ha,2404069.4703911124,NA,2395209.6528634327,NA,8859.817527679726,NA,0.0036989737065763594,NA,0.36989737065763595,NA
scenario1_restoration,Contra Costa & Alameda,Biodiversity Support,species distribution: riparian,Yellow-breasted Chat,ha,164966.47715709277,NA,165237.04548399482,NA,-270.5683269020519,NA,-0.0016374556087560867,NA,-0.16374556087560865,NA
scenario1_restoration,Contra Costa & Alameda,Biodiversity Support,species distribution: riparian,Yellow Warbler,ha,386006.3395999786,NA,384205.1764199924,NA,1801.1631799861789,NA,0.004688024239468456,NA,0.4688024239468456,NA
scenario1_restoration,Contra Costa & Alameda,Biodiversity Support,species distribution: waterbird_fall,Cranes,ha,40031.19593645291,NA,42376.47888580751,NA,-2345.2829493546014,NA,-0.05534397880660326,NA,-5.534397880660326,NA
scenario1_restoration,Contra Costa & Alameda,Biodiversity Support,species distribution: waterbird_fall,Dabbling Ducks,ha,82653.34395063628,NA,61968.4085243692,NA,20684.935426267075,NA,0.3337980741934446,NA,33.37980741934446,NA
scenario1_restoration,Contra Costa & Alameda,Biodiversity Support,species distribution: waterbird_fall,Geese,ha,9147.879237226314,NA,8183.967499864391,NA,963.9117373619229,NA,0.11778049428689628,NA,11.778049428689629,NA
scenario1_restoration,Contra Costa & Alameda,Biodiversity Support,species distribution: waterbird_fall,Herons/Egrets,ha,444893.6060739888,NA,427009.5493853092,NA,17884.056688679557,NA,0.0418821000945391,NA,4.188210009453909,NA
scenario1_restoration,Contra Costa & Alameda,Biodiversity Support,species distribution: waterbird_fall,Shorebirds,ha,173971.8451977604,NA,160536.4643637712,NA,13435.380833989213,NA,0.08369052406402205,NA,8.369052406402206,NA
scenario1_restoration,Contra Costa & Alameda,Biodiversity Support,species distribution: waterbird_win,Cranes,ha,257925.68749578463,NA,271349.27203969826,NA,-13423.584543913632,NA,-0.04946976434839954,NA,-4.946976434839954,NA
scenario1_restoration,Contra Costa & Alameda,Biodiversity Support,species distribution: waterbird_win,Dabbling Ducks,ha,372340.4844603191,NA,354752.43143737316,NA,17588.05302294594,NA,0.049578386120380624,NA,4.957838612038063,NA
scenario1_restoration,Contra Costa & Alameda,Biodiversity Support,species distribution: waterbird_win,Diving Ducks,ha,137980.92919312575,NA,137199.36919911223,NA,781.5599940135144,NA,0.005696527604870151,NA,0.5696527604870151,NA
scenario1_restoration,Contra Costa & Alameda,Biodiversity Support,species distribution: waterbird_win,Geese,ha,440763.19067556824,NA,442457.7363690775,NA,-1694.5456935092807,NA,-0.003829847585930264,NA,-0.3829847585930264,NA
scenario1_restoration,Contra Costa & Alameda,Biodiversity Support,species distribution: waterbird_win,Herons/Egrets,ha,548332.3980692361,NA,518035.3580860628,NA,30297.03998317325,NA,0.058484502090955556,NA,5.848450209095556,NA
scenario1_restoration,Contra Costa & Alameda,Biodiversity Support,species distribution: waterbird_win,Shorebirds,ha,287156.58411673893,NA,284782.15018758137,NA,2374.4339291575598,NA,0.008337720350778862,NA,0.8337720350778862,NA
scenario1_restoration,Contra Costa & Alameda,Climate Change Resilience,climate change resilience,Drought,ranking,210989.78213398033,8682.096327539708,211165.05714094514,8694.928092326509,-175.27500696480274,12287.415154189557,-8.300379302235262e-4,0.058188686329419946,-0.08300379302235261,5.818868632941995
scenario1_restoration,Contra Costa & Alameda,Climate Change Resilience,climate change resilience,Flood,ranking,182166.8581477512,8780.600594475634,182429.46179454977,8793.396324461928,-262.6036467985832,12426.695687863543,-0.001439480466671139,0.06811784682335106,-0.1439480466671139,6.811784682335106
scenario1_restoration,Contra Costa & Alameda,Climate Change Resilience,climate change resilience,Heat,ranking,254069.90402440194,9767.825177492565,254351.73903560106,9781.093550636171,-281.8350111991167,13823.176181484274,-0.0011080522282557262,0.05434671090753718,-0.11080522282557262,5.434671090753717
scenario1_restoration,Contra Costa & Alameda,Climate Change Resilience,climate change resilience,Salinity,ranking,244565.10971814394,0,244729.26972466707,0,-164.16000652313232,0,-6.70782071583921e-4,0,-0.06707820715839209,0
scenario1_restoration,Contra Costa & Alameda,Water Quality,pesticide application rate,Critical Pesticides,kg per ha,10575.186534606042,739.9905760257193,10575.280870547276,739.9950702892028,-0.09433594123402145,1046.507886572862,-8.920419456352416e-6,0.09895792834290211,8.920419456352417e-4,9.89579283429021
scenario1_restoration,Contra Costa & Alameda,Water Quality,pesticide application rate,Groundwater Contaminant,kg per ha,1314.2119461667587,222.81353551991924,1314.2470657426973,222.82503226341612,-0.03511957593855186,315.11405334272024,-2.672220228142975e-5,0.23976774353374888,0.0026722202281429753,23.97677435337489
scenario1_restoration,Contra Costa & Alameda,Water Quality,pesticide application rate,Risk to Aquatic Organisms,kg per ha,30808.043926737526,1322.66971656748,30809.15767396046,1322.6813429513713,-1.1137472229347622,1870.545672822864,-3.6149875784370706e-5,0.060713950482812,0.0036149875784370704,6.0713950482812
scenario1_restoration,Sacramento,Agricultural Livelihoods,livelihoods,Agricultural Jobs,number of employees per 100ha,35151.420438440255,2439.32806275066,36348.475567743306,2488.600098511772,-1197.0551293030512,3484.7455930147453,-0.03293274643862514,0.09589698486146224,-3.2932746438625142,9.589698486146224
scenario1_restoration,Sacramento,Agricultural Livelihoods,livelihoods,Annual Wages,annual dollars per employee (thousands),38.41481628566983,0.6229876225510653,38.50026621871204,0.6275812070487707,-0.08544993304221293,0.8842916652850578,-0.00221946343323419,0.02296848435463338,-0.221946343323419,2.296848435463338
scenario1_restoration,Sacramento,Agricultural Livelihoods,production value,Gross Production Value,USD per ha per year (millions),131326.12303943117,3555.376333791946,134565.04276763787,3626.749952743213,-3238.9197282067034,5078.780965409983,-0.02406954779332664,0.03774777619357976,-2.406954779332664,3.774777619357976
scenario1_restoration,Sacramento,Biodiversity Support,avian conservation contribution,Breeding Landbirds: Grassland,ranking,73074.42290371656,NA,83464.02331656218,NA,-10389.600412845612,NA,-0.12447998550752767,NA,-12.447998550752768,NA
scenario1_restoration,Sacramento,Biodiversity Support,avian conservation contribution,Breeding Landbirds: Oak Savannah,ranking,45489.06180757284,NA,50906.70202285051,NA,-5417.640215277672,NA,-0.10642292664816222,NA,-10.642292664816221,NA
scenario1_restoration,Sacramento,Biodiversity Support,avian conservation contribution,Breeding Landbirds: Riparian,ranking,15361.83061042428,NA,16709.490663975477,NA,-1347.660053551197,NA,-0.08065237179590759,NA,-8.06523717959076,NA
scenario1_restoration,Sacramento,Biodiversity Support,avian conservation contribution,Breeding Waterbirds: Other Waterbirds,ranking,11264.130447596312,NA,13990.230555921793,NA,-2726.1001083254814,NA,-0.1948574112076785,NA,-19.485741120767848,NA
scenario1_restoration,Sacramento,Biodiversity Support,avian conservation contribution,Breeding Waterbirds: Shorebirds,ranking,11264.130447596312,NA,13990.230555921793,NA,-2726.1001083254814,NA,-0.1948574112076785,NA,-19.485741120767848,NA
scenario1_restoration,Sacramento,Biodiversity Support,avian conservation contribution,Breeding Waterbirds: Waterfowl,ranking,96451.92383265495,NA,109784.88436245918,NA,-13332.96052980423,NA,-0.12144623194013601,NA,-12.144623194013601,NA
scenario1_restoration,Sacramento,Biodiversity Support,avian conservation contribution,Wintering Waterbirds: Other Waterbirds,ranking,82249.29326829314,NA,87577.38348001242,NA,-5328.0902117192745,NA,-0.060838654912946696,NA,-6.083865491294669,NA
scenario1_restoration,Sacramento,Biodiversity Support,avian conservation contribution,Wintering Waterbirds: Shorebirds,ranking,91450.173633903265,NA,97067.70385712385,NA,-5617.530223220587,NA,-0.057872289134284625,NA,-5.7872289134284625,NA
scenario1_restoration,Sacramento,Biodiversity Support,avian conservation contribution,Wintering Waterbirds: Waterfowl,ranking,91755.81364604831,NA,97673.22388118505,NA,-5917.410235136747,NA,-0.06058375059202512,NA,-6.058375059202512,NA
scenario1_restoration,Sacramento,Biodiversity Support,species distribution: riparian,Ash-throated Flycatcher,ha,1403156.0849894874,NA,1297404.5394466985,NA,105751.54554278892,NA,0.0815100782581573,NA,8.15100782581573,NA
scenario1_restoration,Sacramento,Biodiversity Support,species distribution: riparian,Black-headed Grosbeak,ha,1738461.218537142,NA,1585590.540953229,NA,152870.6775839131,NA,0.0964124555712914,NA,9.641245557129139,NA
scenario1_restoration,Sacramento,Biodiversity Support,species distribution: riparian,Common Yellowthroat,ha,1502389.4765970402,NA,1410450.6593885317,NA,91938.8172085085,NA,0.06518400101168122,NA,6.518400101168122,NA
scenario1_restoration,Sacramento,Biodiversity Support,species distribution: riparian,Lazuli Bunting,ha,504253.1122566098,NA,471538.0152515653,NA,32715.09700504446,NA,0.06937955360309808,NA,6.937955360309808,NA
scenario1_restoration,Sacramento,Biodiversity Support,species distribution: riparian,Nuttall's Woodpecker,ha,691088.8280015646,NA,599837.1050848109,NA,91251.72291675373,NA,0.15212750618995413,NA,15.212750618995413,NA
scenario1_restoration,Sacramento,Biodiversity Support,species distribution: riparian,Song Sparrow,ha,4338233.639285962,NA,4285164.790940533,NA,53068.848345428705,NA,0.012384319141617152,NA,1.238431914161715,NA
scenario1_restoration,Sacramento,Biodiversity Support,species distribution: riparian,Spotted Towhee,ha,3611370.3365571382,NA,3405389.153350538,NA,205981.18320660014,NA,0.06048682659482154,NA,6.048682659482154,NA
scenario1_restoration,Sacramento,Biodiversity Support,species distribution: riparian,Yellow-breasted Chat,ha,184371.50986544375,NA,185534.70521230873,NA,-1163.195346864988,NA,-0.006269421915074784,NA,-0.6269421915074784,NA
scenario1_restoration,Sacramento,Biodiversity Support,species distribution: riparian,Yellow Warbler,ha,384405.0323661417,NA,365230.5421613778,NA,19174.49020476389,NA,0.05249968989803598,NA,5.249968989803598,NA
scenario1_restoration,Sacramento,Biodiversity Support,species distribution: waterbird_fall,Cranes,ha,348231.864624367,NA,333762.6273296256,NA,14469.237294741382,NA,0.043351879779072726,NA,4.335187977907273,NA
scenario1_restoration,Sacramento,Biodiversity Support,species distribution: waterbird_fall,Dabbling Ducks,ha,431945.970827993,NA,264053.73226019245,NA,167892.23856780055,NA,0.6358260386274844,NA,63.58260386274844,NA
scenario1_restoration,Sacramento,Biodiversity Support,species distribution: waterbird_fall,Geese,ha,173989.98903997967,NA,155511.6040085132,NA,18478.38503146646,NA,0.11882319103630937,NA,11.882319103630937,NA
scenario1_restoration,Sacramento,Biodiversity Support,species distribution: waterbird_fall,Herons/Egrets,ha,838740.09991818,NA,785495.4619215594,NA,53244.637996620615,NA,0.06778478117030508,NA,6.778478117030508,NA
scenario1_restoration,Sacramento,Biodiversity Support,species distribution: waterbird_fall,Shorebirds,ha,466601.9515829161,NA,335656.5229641481,NA,130945.428618768,NA,0.39011733620548306,NA,39.011733620548306,NA
scenario1_restoration,Sacramento,Biodiversity Support,species distribution: waterbird_win,Cranes,ha,676804.7772006443,NA,720900.4360606687,NA,-44095.658860024414,NA,-0.061167474250651534,NA,-6.116747425065153,NA
scenario1_restoration,Sacramento,Biodiversity Support,species distribution: waterbird_win,Dabbling Ducks,ha,714713.8358386648,NA,591066.5265455532,NA,123647.30929311155,NA,0.20919355730692374,NA,20.919355730692374,NA
scenario1_restoration,Sacramento,Biodiversity Support,species distribution: waterbird_win,Diving Ducks,ha,223474.95977151624,NA,165114.08810593744,NA,58360.8716655788,NA,0.35345785653453377,NA,35.345785653453376,NA
scenario1_restoration,Sacramento,Biodiversity Support,species distribution: waterbird_win,Geese,ha,979981.9522095534,NA,989731.597538427,NA,-9749.645328873536,NA,-0.009850797279911032,NA,-0.9850797279911031,NA
scenario1_restoration,Sacramento,Biodiversity Support,species distribution: waterbird_win,Herons/Egrets,ha,878958.481756515,NA,803334.0353114738,NA,75624.44644504122,NA,0.09413823281584183,NA,9.413823281584182,NA
scenario1_restoration,Sacramento,Biodiversity Support,species distribution: waterbird_win,Shorebirds,ha,675574.377473837,NA,599796.9054992001,NA,75777.4719746369,NA,0.1263385510659957,NA,12.63385510659957,NA
scenario1_restoration,Sacramento,Climate Change Resilience,climate change resilience,Drought,ranking,191849.39137340957,12485.825783269313,203367.91183111444,12963.442924930736,-11518.520457704872,17998.519326824902,-0.056638829370831874,0.08857586808290044,-5.663882937083187,8.857586808290044
scenario1_restoration,Sacramento,Climate Change Resilience,climate change resilience,Flood,ranking,201527.62653071535,13553.309272521188,216676.21781448444,14087.164703174116,-15148.591283769085,19548.411741391257,-0.06991349321381973,0.09033389205855577,-6.991349321381973,9.033389205855578
scenario1_restoration,Sacramento,Climate Change Resilience,climate change resilience,Heat,ranking,233590.34213918872,14910.419349749563,249858.78617849573,15447.163760423753,-16268.44403930701,21469.407849932308,-0.06511055419794225,0.08602040339521047,-6.511055419794225,8.602040339521047
scenario1_restoration,Sacramento,Climate Change Resilience,climate change resilience,Salinity,ranking,168434.28669297695,0,179340.75712636113,0,-10906.47043338418,0,-0.06081423212515839,0,-6.08142321251584,0
scenario1_restoration,Sacramento,Water Quality,pesticide application rate,Critical Pesticides,kg per ha,16467.592331500295,1227.7590713081086,17121.5638034733,1270.2344587126292,-653.9714719730036,1766.6034974720037,-0.0381957792804147,0.10321893667252253,3.8195779280414697,10.321893667252253
scenario1_restoration,Sacramento,Water Quality,pesticide application rate,Groundwater Contaminant,kg per ha,2951.854905314159,289.48774964787066,2994.1522359578125,296.31821501173386,-42.29733064365337,414.2555271133125,-0.014126646646650112,0.13836192793586233,1.4126646646650112,13.836192793586232
scenario1_restoration,Sacramento,Water Quality,pesticide application rate,Risk to Aquatic Organisms,kg per ha,52457.22850780328,2164.1605443861395,54764.95186061751,2237.2525239895945,-2307.7233528142315,3112.6981411591332,-0.04213869042901064,0.056863475070364225,4.213869042901064,5.686347507036422
scenario1_restoration,San Joaquin,Agricultural Livelihoods,livelihoods,Agricultural Jobs,number of employees per 100ha,146254.91200551818,9219.406496700263,148199.02603342905,9343.293798167897,-1944.1140279108658,13126.103578377008,-0.013118264538879862,0.088574642956597,-1.3118264538879862,8.8574642956597
scenario1_restoration,San Joaquin,Agricultural Livelihoods,livelihoods,Annual Wages,annual dollars per employee (thousands),38.374917506793615,0.6474447104210457,38.38017022851718,0.6466502063082321,-0.005252721723564946,0.9150634635754347,-1.3686030291919018e-4,0.023842089871066247,-0.013686030291919019,2.3842089871066245
scenario1_restoration,San Joaquin,Agricultural Livelihoods,production value,Gross Production Value,USD per ha per year (millions),451591.16417203593,13112.272145523424,457744.73382659274,13288.166284959236,-6153.569654556806,18668.343366110363,-0.01344323418669402,0.04078517270351002,-1.344323418669402,4.078517270351003
scenario1_restoration,San Joaquin,Biodiversity Support,avian conservation contribution,Breeding Landbirds: Grassland,ranking,137651.0454697609,NA,144229.68573117256,NA,-6578.640261411667,NA,-0.0456122484637004,NA,-4.56122484637004,NA
scenario1_restoration,San Joaquin,Biodiversity Support,avian conservation contribution,Breeding Landbirds: Oak Savannah,ranking,88795.53352841735,NA,92447.46367353201,NA,-3651.9301451146603,NA,-0.039502761893079594,NA,-3.950276189307959,NA
scenario1_restoration,San Joaquin,Biodiversity Support,avian conservation contribution,Breeding Landbirds: Riparian,ranking,30356.011206239462,NA,31258.801242113113,NA,-902.7900358736515,NA,-0.028881147068985372,NA,-2.8881147068985373,NA
scenario1_restoration,San Joaquin,Biodiversity Support,avian conservation contribution,Breeding Waterbirds: Other Waterbirds,ranking,34987.41139027476,NA,35781.751421839,NA,-794.3400315642357,NA,-0.02219958498396529,NA,-2.219958498396529,NA
scenario1_restoration,San Joaquin,Biodiversity Support,avian conservation contribution,Breeding Waterbirds: Shorebirds,ranking,34987.41139027476,NA,35781.751421839,NA,-794.3400315642357,NA,-0.02219958498396529,NA,-2.219958498396529,NA
scenario1_restoration,San Joaquin,Biodiversity Support,avian conservation contribution,Breeding Waterbirds: Waterfowl,ranking,227187.99902763963,NA,235036.98933953047,NA,-7848.9903118908405,NA,-0.03339470239959686,NA,-3.3394702399596863,NA
scenario1_restoration,San Joaquin,Biodiversity Support,avian conservation contribution,Wintering Waterbirds: Other Waterbirds,ranking,264461.50050875545,NA,267919.4806461632,NA,-3457.9801374077797,NA,-0.01290678874514047,NA,-1.2906788745140472,NA
scenario1_restoration,San Joaquin,Biodiversity Support,avian conservation contribution,Wintering Waterbirds: Shorebirds,ranking,308929.0622757375,NA,313064.2024400532,NA,-4135.1401643157005,NA,-0.013208601085930652,NA,-1.3208601085930651,NA
scenario1_restoration,San Joaquin,Biodiversity Support,avian conservation contribution,Wintering Waterbirds: Waterfowl,ranking,299018.2618819177,NA,303047.922042042,NA,-4029.660160124302,NA,-0.013297105398285044,NA,-1.3297105398285043,NA
scenario1_restoration,San Joaquin,Biodiversity Support,species distribution: riparian,Ash-throated Flycatcher,ha,4281938.816044397,NA,3922613.52221585,NA,359325.29382854654,NA,0.09160354233051407,NA,9.160354233051407,NA
scenario1_restoration,San Joaquin,Biodiversity Support,species distribution: riparian,Black-headed Grosbeak,ha,4066619.170144118,NA,3689816.075691085,NA,376803.09445303306,NA,0.1021197497987646,NA,10.21197497987646,NA
scenario1_restoration,San Joaquin,Biodiversity Support,species distribution: riparian,Common Yellowthroat,ha,2551271.4710779074,NA,2446191.5130781634,NA,105079.95799974399,NA,0.042956554071073814,NA,4.295655407107382,NA
scenario1_restoration,San Joaquin,Biodiversity Support,species distribution: riparian,Lazuli Bunting,ha,1600341.7430282468,NA,1553516.2864489688,NA,46825.45657927799,NA,0.030141593614259256,NA,3.0141593614259254,NA
scenario1_restoration,San Joaquin,Biodiversity Support,species distribution: riparian,Nuttall's Woodpecker,ha,2068294.367051932,NA,1803504.4401706404,NA,264789.92688129167,NA,0.14681967007313734,NA,14.681967007313734,NA
scenario1_restoration,San Joaquin,Biodiversity Support,species distribution: riparian,Song Sparrow,ha,12129799.595932828,NA,12092639.707067112,NA,37159.888865716755,NA,0.00307293442671578,NA,0.307293442671578,NA
scenario1_restoration,San Joaquin,Biodiversity Support,species distribution: riparian,Spotted Towhee,ha,7732492.27382237,NA,7372971.998110968,NA,359520.2757114023,NA,0.048761920675070396,NA,4.87619206750704,NA
scenario1_restoration,San Joaquin,Biodiversity Support,species distribution: riparian,Yellow-breasted Chat,ha,636372.8645989568,NA,646641.5184171146,NA,-10268.65381815785,NA,-0.015879979131705056,NA,-1.5879979131705055,NA
scenario1_restoration,San Joaquin,Biodiversity Support,species distribution: riparian,Yellow Warbler,ha,905103.058507604,NA,904678.7623225402,NA,424.2961850637803,NA,4.690020399887627e-4,NA,0.04690020399887627,NA
scenario1_restoration,San Joaquin,Biodiversity Support,species distribution: waterbird_fall,Cranes,ha,529381.4037323231,NA,538220.7565498202,NA,-8839.3528174971,NA,-0.0164232848880827,NA,-1.64232848880827,NA
scenario1_restoration,San Joaquin,Biodiversity Support,species distribution: waterbird_fall,Dabbling Ducks,ha,184372.63714289293,NA,181116.33923940567,NA,3256.297903487255,NA,0.017979039975973516,NA,1.7979039975973516,NA
scenario1_restoration,San Joaquin,Biodiversity Support,species distribution: waterbird_fall,Geese,ha,397402.7970190937,NA,416640.6822699666,NA,-19237.885250872874,NA,-0.04617380411835897,NA,-4.617380411835897,NA
scenario1_restoration,San Joaquin,Biodiversity Support,species distribution: waterbird_fall,Herons/Egrets,ha,1297887.3875690831,NA,1308541.282474995,NA,-10653.894905911759,NA,-0.008141810310914165,NA,-0.8141810310914165,NA
scenario1_restoration,San Joaquin,Biodiversity Support,species distribution: waterbird_fall,Shorebirds,ha,414738.5906075645,NA,411014.9118530875,NA,3723.678754477005,NA,0.009059716927759523,NA,0.9059716927759522,NA
scenario1_restoration,San Joaquin,Biodiversity Support,species distribution: waterbird_win,Cranes,ha,1710002.9361235185,NA,1719494.589693182,NA,-9491.65356966341,NA,-0.005520025260071945,NA,-0.5520025260071946,NA
scenario1_restoration,San Joaquin,Biodiversity Support,species distribution: waterbird_win,Dabbling Ducks,ha,2116398.0213041003,NA,2095342.6014524675,NA,21055.41985163279,NA,0.010048676448919339,NA,1.0048676448919338,NA
scenario1_restoration,San Joaquin,Biodiversity Support,species distribution: waterbird_win,Diving Ducks,ha,554240.8617813224,NA,562388.0882831698,NA,-8147.2265018473845,NA,-0.014486840442724934,NA,-1.4486840442724933,NA
scenario1_restoration,San Joaquin,Biodiversity Support,species distribution: waterbird_win,Geese,ha,2573172.9042311823,NA,2564959.753034088,NA,8213.15119709447,NA,0.0032020585069138584,NA,0.32020585069138585,NA
scenario1_restoration,San Joaquin,Biodiversity Support,species distribution: waterbird_win,Herons/Egrets,ha,2365004.554635783,NA,2372467.32361565,NA,-7462.768979866989,NA,-0.0031455729255287267,NA,-0.3145572925528727,NA
scenario1_restoration,San Joaquin,Biodiversity Support,species distribution: waterbird_win,Shorebirds,ha,1816616.0907921228,NA,1800730.2895569296,NA,15885.801235193154,NA,0.008821865954785412,NA,0.8821865954785412,NA
scenario1_restoration,San Joaquin,Climate Change Resilience,climate change resilience,Drought,ranking,612927.8256055625,35926.55071511139,625759.1411154332,36456.17342190646,-12831.315509870648,51183.6851628875,-0.020505198672764843,0.0818032697433823,-2.0505198672764844,8.18032697433823
scenario1_restoration,San Joaquin,Climate Change Resilience,climate change resilience,Flood,ranking,600019.5852062716,38332.55116897621,613961.0889420754,38834.020532181006,-13941.503735803766,54566.1582834639,-0.02270747118490287,0.08888720180344328,-2.270747118490287,8.888720180344329
scenario1_restoration,San Joaquin,Climate Change Resilience,climate change resilience,Heat,ranking,746331.4003708299,40813.794579900336,761610.3602636755,41380.886228941745,-15278.959892845596,58121.799465458076,-0.02006138662236147,0.07632213373085824,-2.006138662236147,7.632213373085824
scenario1_restoration,San Joaquin,Climate Change Resilience,climate change resilience,Salinity,ranking,611167.3442856073,0,620952.0546744168,0,-9784.710388809443,0,-0.015757594028640184,0,-1.5757594028640183,0
scenario1_restoration,San Joaquin,Water Quality,pesticide application rate,Critical Pesticides,kg per ha,74496.35783093548,5759.991110231574,75525.94524569312,5846.074233648729,-1029.5874147576396,8206.953243151707,-0.013632234742753544,0.1086691487770072,1.3632234742753544,10.86691487770072
scenario1_restoration,San Joaquin,Water Quality,pesticide application rate,Groundwater Contaminant,kg per ha,8174.868105912828,1207.9513789769144,8278.012493475673,1225.4337725315404,-103.14438756284562,1720.707547735266,-0.01246004250949597,0.20787300012524357,1.246004250949597,20.787300012524355
scenario1_restoration,San Joaquin,Water Quality,pesticide application rate,Risk to Aquatic Organisms,kg per ha,233375.4684370656,10267.720428529161,236526.69498481267,10413.82648342474,-3151.2265477470646,14624.426991349561,-0.013322921321626737,0.061832703940895864,1.3322921321626737,6.183270394089586
scenario1_restoration,Solano,Agricultural Livelihoods,livelihoods,Agricultural Jobs,number of employees per 100ha,18622.563289340793,1038.4122538148363,18735.969912971115,1041.2069309048773,-113.40662363032243,1470.5141556058418,-0.006052882458559554,0.07848687137753409,-0.6052882458559554,7.848687137753409
scenario1_restoration,Solano,Agricultural Livelihoods,livelihoods,Annual Wages,annual dollars per employee (thousands),40.014673714076594,0.8911284494247006,40.019539597004204,0.8919181015486684,-0.0048658829276106985,1.2608044310059559,-1.2158767883414006e-4,0.03150472115287055,-0.012158767883414006,3.1504721152870547
scenario1_restoration,Solano,Agricultural Livelihoods,production value,Gross Production Value,USD per ha per year (millions),58367.43108090163,1512.6335409472217,58696.698302170415,1517.9707058485553,-329.26722126878303,2142.9641371270986,-0.005609637863678745,0.03650939690212493,-0.5609637863678745,3.650939690212493
scenario1_restoration,Solano,Biodiversity Support,avian conservation contribution,Breeding Landbirds: Grassland,ranking,151806.96603226662,NA,153669.06610625982,NA,-1862.100073993206,NA,-0.012117598689026926,NA,-1.2117598689026927,NA
scenario1_restoration,Solano,Biodiversity Support,avian conservation contribution,Breeding Landbirds: Oak Savannah,ranking,78239.1631089449,NA,79211.97314760089,NA,-972.8100386559963,NA,-0.012281098424897146,NA,-1.2281098424897146,NA
scenario1_restoration,Solano,Biodiversity Support,avian conservation contribution,Breeding Landbirds: Riparian,ranking,16595.190659433603,NA,16790.760667204857,NA,-195.5700077712536,NA,-0.011647477541219099,NA,-1.1647477541219098,NA
scenario1_restoration,Solano,Biodiversity Support,avian conservation contribution,Breeding Waterbirds: Other Waterbirds,ranking,17758.80070567131,NA,17977.770714372396,NA,-218.97000870108604,NA,-0.012180042352305097,NA,-1.2180042352305096,NA
scenario1_restoration,Solano,Biodiversity Support,avian conservation contribution,Breeding Waterbirds: Shorebirds,ranking,17758.80070567131,NA,17977.770714372396,NA,-218.97000870108604,NA,-0.012180042352305097,NA,-1.2180042352305096,NA
scenario1_restoration,Solano,Biodiversity Support,avian conservation contribution,Breeding Waterbirds: Waterfowl,ranking,178046.91707494855,NA,179970.84715139866,NA,-1923.9300764501095,NA,-0.010690231817554444,NA,-1.0690231817554443,NA
scenario1_restoration,Solano,Biodiversity Support,avian conservation contribution,Wintering Waterbirds: Other Waterbirds,ranking,47121.0318724215,NA,47514.60188806057,NA,-393.5700156390667,NA,-0.008283138235405538,NA,-0.8283138235405538,NA
scenario1_restoration,Solano,Biodiversity Support,avian conservation contribution,Wintering Waterbirds: Shorebirds,ranking,59911.472380667925,NA,60455.162402272224,NA,-543.6900216042995,NA,-0.008993277000672895,NA,-0.8993277000672895,NA
scenario1_restoration,Solano,Biodiversity Support,avian conservation contribution,Wintering Waterbirds: Waterfowl,ranking,58815.99233713746,NA,59238.36235392094,NA,-422.3700167834759,NA,-0.007130008325686261,NA,-0.7130008325686261,NA
scenario1_restoration,Solano,Biodiversity Support,species distribution: riparian,Ash-throated Flycatcher,ha,881708.180909666,NA,867752.7180410094,NA,13955.462868656614,NA,0.016082303839003463,NA,1.6082303839003462,NA
scenario1_restoration,Solano,Biodiversity Support,species distribution: riparian,Black-headed Grosbeak,ha,1078560.271513048,NA,1038096.1780505877,NA,40464.09346246044,NA,0.03897913730734165,NA,3.8979137307341647,NA
scenario1_restoration,Solano,Biodiversity Support,species distribution: riparian,Common Yellowthroat,ha,1444406.5374264286,NA,1395865.4883645475,NA,48541.049061881145,NA,0.03477487585050462,NA,3.4774875850504623,NA
scenario1_restoration,Solano,Biodiversity Support,species distribution: riparian,Lazuli Bunting,ha,447563.9058435543,NA,443038.90202074416,NA,4525.003822810133,NA,0.010213558678868027,NA,1.0213558678868027,NA
scenario1_restoration,Solano,Biodiversity Support,species distribution: riparian,Nuttall's Woodpecker,ha,350321.1982066019,NA,343008.7698185196,NA,7312.428388082306,NA,0.02131848813064224,NA,2.131848813064224,NA
scenario1_restoration,Solano,Biodiversity Support,species distribution: riparian,Song Sparrow,ha,2368643.117413132,NA,2343259.1072454634,NA,25384.010167668574,NA,0.010832779904356315,NA,1.0832779904356316,NA
scenario1_restoration,Solano,Biodiversity Support,species distribution: riparian,Spotted Towhee,ha,1536629.4067748098,NA,1488736.8962269276,NA,47892.51054788218,NA,0.03216989561369878,NA,3.2169895613698785,NA
scenario1_restoration,Solano,Biodiversity Support,species distribution: riparian,Yellow-breasted Chat,ha,139712.00007375123,NA,142339.4683978831,NA,-2627.468324131856,NA,-0.01845916915178624,NA,-1.845916915178624,NA
scenario1_restoration,Solano,Biodiversity Support,species distribution: riparian,Yellow Warbler,ha,372871.13213965466,NA,371102.7918787673,NA,1768.340260887344,NA,0.004765095546532642,NA,0.47650955465326417,NA
scenario1_restoration,Solano,Biodiversity Support,species distribution: waterbird_fall,Cranes,ha,44357.9477703658,NA,41673.70535342715,NA,2684.2424169386504,NA,0.06441093716467199,NA,6.441093716467199,NA
scenario1_restoration,Solano,Biodiversity Support,species distribution: waterbird_fall,Dabbling Ducks,ha,311856.058576879,NA,258598.32519744008,NA,53257.7333794389,NA,0.2059477119149034,NA,20.59477119149034,NA
scenario1_restoration,Solano,Biodiversity Support,species distribution: waterbird_fall,Geese,ha,66804.9148153048,NA,65928.87616327757,NA,876.0386520272295,NA,0.013287632112181879,NA,1.328763211218188,NA
scenario1_restoration,Solano,Biodiversity Support,species distribution: waterbird_fall,Herons/Egrets,ha,1079963.3977042304,NA,1044418.4124310812,NA,35544.985273149214,NA,0.03403328096295387,NA,3.403328096295387,NA
scenario1_restoration,Solano,Biodiversity Support,species distribution: waterbird_fall,Shorebirds,ha,477000.87398853566,NA,419805.04271843366,NA,57195.831270102004,NA,0.1362437928323402,NA,13.62437928323402,NA
scenario1_restoration,Solano,Biodiversity Support,species distribution: waterbird_win,Cranes,ha,133097.86513273916,NA,131190.31448831988,NA,1907.5506444192724,NA,0.014540331364089422,NA,1.4540331364089423,NA
scenario1_restoration,Solano,Biodiversity Support,species distribution: waterbird_win,Dabbling Ducks,ha,327811.9177149195,NA,305362.2221880903,NA,22449.695526829164,NA,0.07351824782373077,NA,7.351824782373077,NA
scenario1_restoration,Solano,Biodiversity Support,species distribution: waterbird_win,Diving Ducks,ha,128776.45580280675,NA,113633.1418997841,NA,15143.31390302266,NA,0.13326494057849714,NA,13.326494057849715,NA
scenario1_restoration,Solano,Biodiversity Support,species distribution: waterbird_win,Geese,ha,284685.6101440214,NA,284586.2914566287,NA,99.31868739268975,NA,3.489932241090609e-4,NA,0.03489932241090609,NA
scenario1_restoration,Solano,Biodiversity Support,species distribution: waterbird_win,Herons/Egrets,ha,803923.5994332366,NA,790276.886475583,NA,13646.712957653683,NA,0.01726826785800893,NA,1.7268267858008932,NA
scenario1_restoration,Solano,Biodiversity Support,species distribution: waterbird_win,Shorebirds,ha,366300.7272285642,NA,341040.0437463023,NA,25260.6834822619,NA,0.07406955266828776,NA,7.406955266828776,NA
scenario1_restoration,Solano,Climate Change Resilience,climate change resilience,Drought,ranking,174930.65820111954,11019.660789774092,176625.80826847875,11124.58899875258,-1695.150067359209,15658.52497245036,-0.009597408691160856,0.08865572430466397,-0.9597408691160856,8.865572430466397
scenario1_restoration,Solano,Climate Change Resilience,climate change resilience,Flood,ranking,201415.54516262526,10913.23793653466,203584.02161242915,11001.785803984876,-2168.4764498038858,15496.388390079232,-0.010651506108529966,0.07612007733662171,-1.0651506108529967,7.612007733662171
scenario1_restoration,Solano,Climate Change Resilience,climate change resilience,Heat,ranking,232207.3008342316,11740.433892566265,234533.45056952164,11852.642987796533,-2326.1497352900333,16683.01333038732,-0.00991820028077617,0.07113453312162457,-0.991820028077617,7.1134533121624575
scenario1_restoration,Solano,Climate Change Resilience,climate change resilience,Salinity,ranking,140662.7155894339,0,141848.91563656926,0,-1186.200047135353,0,-0.008362418858206242,0,-0.8362418858206242,0
scenario1_restoration,Solano,Water Quality,pesticide application rate,Critical Pesticides,kg per ha,12226.106907320267,1576.9766515852891,12336.140229225362,1594.8851111500442,-110.03332190509536,2242.880709581595,-0.008919590719665872,0.18181747139467297,0.8919590719665872,18.181747139467298
scenario1_restoration,Solano,Water Quality,pesticide application rate,Groundwater Contaminant,kg per ha,1561.4936686902947,331.36276848330783,1575.0855804027103,335.215357005367,-13.591911712415595,471.34978509505856,-0.008629316325110716,0.29925907968449533,0.8629316325110716,29.925907968449533
scenario1_restoration,Solano,Water Quality,pesticide application rate,Risk to Aquatic Organisms,kg per ha,31719.503126809024,2180.9801610030036,31977.323931996696,2205.1193427223043,-257.8208051876718,3101.487671801507,-0.00806261354877463,0.09699181321064228,0.806261354877463,9.699181321064227
scenario1_restoration,Yolo,Agricultural Livelihoods,livelihoods,Agricultural Jobs,number of employees per 100ha,23894.868194782666,1216.5319893113478,26171.572575179478,1281.267670725424,-2276.7043803968118,1766.804155831647,-0.08699150094465422,0.06764272133053922,-8.699150094465422,6.764272133053923
scenario1_restoration,Yolo,Agricultural Livelihoods,livelihoods,Annual Wages,annual dollars per employee (thousands),38.6478127963758,0.6912884917515959,38.78443657540154,0.6936273109558573,-0.13662377902574008,0.9792847519144009,-0.003522644418467373,0.025249504353600814,-0.3522644418467373,2.5249504353600813
scenario1_restoration,Yolo,Agricultural Livelihoods,production value,Gross Production Value,USD per ha per year (millions),88730.57456626404,1721.1120304518793,95862.78674700446,1804.226285310261,-7132.212180740418,2493.483328592885,-0.07440021746460743,0.02604862653685753,-7.440021746460743,2.604862653685753
scenario1_restoration,Yolo,Biodiversity Support,avian conservation contribution,Breeding Landbirds: Grassland,ranking,86660.73344358802,NA,101935.71405056119,NA,-15274.980606973171,NA,-0.14984915492323544,NA,-14.984915492323545,NA
scenario1_restoration,Yolo,Biodiversity Support,avian conservation contribution,Breeding Landbirds: Oak Savannah,ranking,47818.89190015197,NA,55542.87220707536,NA,-7723.980306923389,NA,-0.13906339373532553,NA,-13.906339373532553,NA
scenario1_restoration,Yolo,Biodiversity Support,avian conservation contribution,Breeding Landbirds: Riparian,ranking,14447.070574074984,NA,16395.03065147996,NA,-1947.960077404976,NA,-0.1188140552350316,NA,-11.88140552350316,NA
scenario1_restoration,Yolo,Biodiversity Support,avian conservation contribution,Breeding Waterbirds: Other Waterbirds,ranking,16973.460674464703,NA,21640.23085990548,NA,-4666.770185440779,NA,-0.21565251385960316,NA,-21.565251385960316,NA
scenario1_restoration,Yolo,Biodiversity Support,avian conservation contribution,Breeding Waterbirds: Shorebirds,ranking,16973.460674464703,NA,21640.23085990548,NA,-4666.770185440779,NA,-0.21565251385960316,NA,-21.565251385960316,NA
scenario1_restoration,Yolo,Biodiversity Support,avian conservation contribution,Breeding Waterbirds: Waterfowl,ranking,123089.58489114046,NA,144332.19573524594,NA,-21242.610844105482,NA,-0.1471786023616769,NA,-14.71786023616769,NA
scenario1_restoration,Yolo,Biodiversity Support,avian conservation contribution,Wintering Waterbirds: Other Waterbirds,ranking,26849.70106691122,NA,32879.07130649686,NA,-6029.370239585638,NA,-0.18338018684835064,NA,-18.338018684835063,NA
scenario1_restoration,Yolo,Biodiversity Support,avian conservation contribution,Wintering Waterbirds: Shorebirds,ranking,30281.221203267574,NA,36861.03146472573,NA,-6579.8102614581585,NA,-0.1785031508886214,NA,-17.85031508886214,NA
scenario1_restoration,Yolo,Biodiversity Support,avian conservation contribution,Wintering Waterbirds: Waterfowl,ranking,39571.74157243967,NA,46900.35186365247,NA,-7328.610291212797,NA,-0.15625917503813938,NA,-15.625917503813938,NA
scenario1_restoration,Yolo,Biodiversity Support,species distribution: riparian,Ash-throated Flycatcher,ha,1341690.850515581,NA,1248950.7372896292,NA,92740.11322595179,NA,0.07425442049636706,NA,7.425442049636706,NA
scenario1_restoration,Yolo,Biodiversity Support,species distribution: riparian,Black-headed Grosbeak,ha,1015382.9604218404,NA,925247.3839274712,NA,90135.57649436919,NA,0.09741781285753387,NA,9.741781285753387,NA
scenario1_restoration,Yolo,Biodiversity Support,species distribution: riparian,Common Yellowthroat,ha,1116553.9473236022,NA,1038398.4779321484,NA,78155.46939145378,NA,0.0752653928644921,NA,7.526539286449211,NA
scenario1_restoration,Yolo,Biodiversity Support,species distribution: riparian,Lazuli Bunting,ha,433499.0854796022,NA,415915.57262055576,NA,17583.51285904646,NA,0.042276639819610905,NA,4.227663981961091,NA
scenario1_restoration,Yolo,Biodiversity Support,species distribution: riparian,Nuttall's Woodpecker,ha,618114.0468603828,NA,520893.248432378,NA,97220.79842800478,NA,0.18664246219468117,NA,18.66424621946812,NA
scenario1_restoration,Yolo,Biodiversity Support,species distribution: riparian,Song Sparrow,ha,1802735.257877368,NA,1738127.401525817,NA,64607.8563515509,NA,0.037170955532278484,NA,3.7170955532278485,NA
scenario1_restoration,Yolo,Biodiversity Support,species distribution: riparian,Spotted Towhee,ha,2936913.1469460414,NA,2665419.4191808323,NA,271493.72776520904,NA,0.1018577886134887,NA,10.185778861348869,NA
scenario1_restoration,Yolo,Biodiversity Support,species distribution: riparian,Yellow-breasted Chat,ha,95639.20498023638,NA,106699.80552483143,NA,-11060.600544595058,NA,-0.10366092506158325,NA,-10.366092506158326,NA
scenario1_restoration,Yolo,Biodiversity Support,species distribution: riparian,Yellow Warbler,ha,322677.18294589885,NA,318537.67369283986,NA,4139.50925305899,NA,0.012995352182582473,NA,1.2995352182582474,NA
scenario1_restoration,Yolo,Biodiversity Support,species distribution: waterbird_fall,Cranes,ha,96591.38386558948,NA,74185.69325537473,NA,22405.690610214748,NA,0.30202171910810394,NA,30.202171910810392,NA
scenario1_restoration,Yolo,Biodiversity Support,species distribution: waterbird_fall,Dabbling Ducks,ha,801539.1767393694,NA,568574.3937780667,NA,232964.78296130267,NA,0.40973491861512934,NA,40.97349186151293,NA
scenario1_restoration,Yolo,Biodiversity Support,species distribution: waterbird_fall,Geese,ha,352072.1901856182,NA,294361.6916096588,NA,57710.498575959355,NA,0.19605301987626475,NA,19.605301987626476,NA
scenario1_restoration,Yolo,Biodiversity Support,species distribution: waterbird_fall,Herons/Egrets,ha,1037826.9641763634,NA,928576.2230965828,NA,109250.74107978062,NA,0.1176540367525836,NA,11.76540367525836,NA
scenario1_restoration,Yolo,Biodiversity Support,species distribution: waterbird_fall,Shorebirds,ha,880910.4416536995,NA,679777.8887270846,NA,201132.55292661488,NA,0.2958798105411237,NA,29.587981054112372,NA
scenario1_restoration,Yolo,Biodiversity Support,species distribution: waterbird_win,Cranes,ha,130747.49685016772,NA,125182.95876309276,NA,5564.538087074965,NA,0.044451242741480386,NA,4.445124274148038,NA
scenario1_restoration,Yolo,Biodiversity Support,species distribution: waterbird_win,Dabbling Ducks,ha,874428.2967563615,NA,650091.182446842,NA,224337.11430951953,NA,0.34508561316760145,NA,34.508561316760144,NA
scenario1_restoration,Yolo,Biodiversity Support,species distribution: waterbird_win,Diving Ducks,ha,601167.772611228,NA,377948.4273796585,NA,223219.34523156955,NA,0.5906079482303024,NA,59.060794823030236,NA
scenario1_restoration,Yolo,Biodiversity Support,species distribution: waterbird_win,Geese,ha,769663.5678191256,NA,639386.7545163777,NA,130276.8133027479,NA,0.20375275587509986,NA,20.375275587509986,NA
scenario1_restoration,Yolo,Biodiversity Support,species distribution: waterbird_win,Herons/Egrets,ha,883012.7014050882,NA,748080.9583304657,NA,134931.74307462247,NA,0.18037050879594266,NA,18.037050879594265,NA
scenario1_restoration,Yolo,Biodiversity Support,species distribution: waterbird_win,Shorebirds,ha,625852.7505338477,NA,462657.5991700792,NA,163195.1513637685,NA,0.35273418540300633,NA,35.27341854030063,NA
scenario1_restoration,Yolo,Climate Change Resilience,climate change resilience,Drought,ranking,152652.05981584764,9485.0473375387,171501.71556486562,10360.204892569964,-18849.655749017984,14046.350715092536,-0.10990942969248982,0.0821707787974375,-10.990942969248982,8.217077879743751
scenario1_restoration,Yolo,Climate Change Resilience,climate change resilience,Flood,ranking,164961.3805322488,8784.319090313636,188981.6348958188,9569.133347416353,-24020.254363570013,12989.710347081813,-0.12710364357262452,0.0690359566746132,-12.710364357262453,6.903595667461319
scenario1_restoration,Yolo,Climate Change Resilience,climate change resilience,Heat,ranking,182346.9597458169,10634.505968740008,207563.49181926038,11524.999738804283,-25216.532073443494,15681.783577725004,-0.12148828222354845,0.07585228914898012,-12.148828222354844,7.585228914898012
scenario1_restoration,Yolo,Climate Change Resilience,climate change resilience,Salinity,ranking,151376.31601515412,0,170307.1867673993,0,-18930.870752245188,0,-0.11115720429402917,0,-11.115720429402916,0
scenario1_restoration,Yolo,Water Quality,pesticide application rate,Critical Pesticides,kg per ha,8588.531303367005,579.3398793446023,9871.352057217238,700.7965051603134,-1282.8207538502338,909.2581797509041,-0.12995390564682835,0.09257167993608618,12.995390564682834,9.257167993608618
scenario1_restoration,Yolo,Water Quality,pesticide application rate,Groundwater Contaminant,kg per ha,1978.66122376975,169.61651544503349,2077.8073912484356,180.79339375987612,-99.14616747868558,247.90323422442253,-0.047716726726587645,0.11938223654721114,4.771672672658765,11.938223654721114
scenario1_restoration,Yolo,Water Quality,pesticide application rate,Risk to Aquatic Organisms,kg per ha,34076.317093620586,1470.0623725167138,38783.28184364502,1741.2233449244954,-4706.964750024432,2278.8027812865944,-0.12136581862774229,0.05900945763405839,12.136581862774229,5.900945763405839
scenario2_perennialexpand,Contra Costa & Alameda,Agricultural Livelihoods,livelihoods,Agricultural Jobs,number of employees per 100ha,22049.564701733732,1188.3527415128958,21917.99899503447,1185.1312634392782,131.56570669926077,1678.3081808304441,0.006002633120344015,0.07657283213391723,0.6002633120344015,7.6572832133917235
scenario2_perennialexpand,Contra Costa & Alameda,Agricultural Livelihoods,livelihoods,Annual Wages,annual dollars per employee (thousands),39.033817637193515,0.7363997186969303,39.0456848299329,0.7391573434656614,-0.011867192739387633,1.043378226769244,-3.0393096679124184e-4,0.02672198619384189,-0.030393096679124185,2.672198619384189
scenario2_perennialexpand,Contra Costa & Alameda,Agricultural Livelihoods,production value,Gross Production Value,USD per ha per year (millions),68304.00926950737,1705.7939071357955,67682.30581998055,1701.5234992888152,621.7034495268163,2409.3391359984294,0.009185612723957797,0.035598518714319106,0.9185612723957798,3.5598518714319107
scenario2_perennialexpand,Contra Costa & Alameda,Biodiversity Support,avian conservation contribution,Breeding Landbirds: Grassland,ranking,106416.36422860622,NA,106666.02423852682,NA,-249.66000992059708,NA,-0.0023405766897461816,NA,-0.23405766897461816,NA
scenario2_perennialexpand,Contra Costa & Alameda,Biodiversity Support,avian conservation contribution,Breeding Landbirds: Oak Savannah,ranking,56738.882254600525,NA,56805.7522572577,NA,-66.87000265717506,NA,-0.0011771695647007565,NA,-0.11771695647007564,NA
scenario2_perennialexpand,Contra Costa & Alameda,Biodiversity Support,avian conservation contribution,Breeding Landbirds: Riparian,ranking,13379.040531635284,NA,13343.760530233383,NA,35.280001401901245,NA,0.0026439324448281443,NA,0.2643932444828144,NA
scenario2_perennialexpand,Contra Costa & Alameda,Biodiversity Support,avian conservation contribution,Breeding Waterbirds: Other Waterbirds,ranking,11580.480460166931,NA,11608.920461297035,NA,-28.440001130104065,NA,-0.002449840295221261,NA,-0.2449840295221261,NA
scenario2_perennialexpand,Contra Costa & Alameda,Biodiversity Support,avian conservation contribution,Breeding Waterbirds: Shorebirds,ranking,11580.480460166931,NA,11608.920461297035,NA,-28.440001130104065,NA,-0.002449840295221261,NA,-0.2449840295221261,NA
scenario2_perennialexpand,Contra Costa & Alameda,Biodiversity Support,avian conservation contribution,Breeding Waterbirds: Waterfowl,ranking,121975.56484687328,NA,122226.03485682607,NA,-250.47000995278358,NA,-0.0020492361569790004,NA,-0.20492361569790005,NA
scenario2_perennialexpand,Contra Costa & Alameda,Biodiversity Support,avian conservation contribution,Wintering Waterbirds: Other Waterbirds,ranking,58416.03232124448,NA,58517.462325274944,NA,-101.43000403046608,NA,-0.001733328821859322,NA,-0.1733328821859322,NA
scenario2_perennialexpand,Contra Costa & Alameda,Biodiversity Support,avian conservation contribution,Wintering Waterbirds: Shorebirds,ranking,63529.47252443433,NA,63646.382529079914,NA,-116.91000464558601,NA,-0.0018368680198308214,NA,-0.18368680198308215,NA
scenario2_perennialexpand,Contra Costa & Alameda,Biodiversity Support,avian conservation contribution,Wintering Waterbirds: Waterfowl,ranking,65486.43260219693,NA,65588.2226062417,NA,-101.7900040447712,NA,-0.0015519555188416457,NA,-0.15519555188416456,NA
scenario2_perennialexpand,Contra Costa & Alameda,Biodiversity Support,species distribution: riparian,Ash-throated Flycatcher,ha,983224.8344696852,NA,984410.651423389,NA,-1185.816953703761,NA,-0.0012045958178013949,NA,-0.12045958178013949,NA
scenario2_perennialexpand,Contra Costa & Alameda,Biodiversity Support,species distribution: riparian,Black-headed Grosbeak,ha,1257277.8374692632,NA,1261288.7831169695,NA,-4010.9456477062777,NA,-0.00318003751511545,NA,-0.318003751511545,NA
scenario2_perennialexpand,Contra Costa & Alameda,Biodiversity Support,species distribution: riparian,Common Yellowthroat,ha,1384077.2353069235,NA,1393937.4833600388,NA,-9860.248053115327,NA,-0.0070736659074175515,NA,-0.7073665907417551,NA
scenario2_perennialexpand,Contra Costa & Alameda,Biodiversity Support,species distribution: riparian,Lazuli Bunting,ha,613542.9417445015,NA,613498.3471613792,NA,44.59458312229253,NA,7.26890028777242e-5,NA,0.0072689002877724205,NA
scenario2_perennialexpand,Contra Costa & Alameda,Biodiversity Support,species distribution: riparian,Nuttall's Woodpecker,ha,453891.61218190566,NA,454255.27083506394,NA,-363.65865315828705,NA,-8.005601178600925e-4,NA,-0.08005601178600925,NA
scenario2_perennialexpand,Contra Costa & Alameda,Biodiversity Support,species distribution: riparian,Song Sparrow,ha,4349318.866637764,NA,4349184.411304776,NA,134.4553329879418,NA,3.0915068268536486e-5,NA,0.0030915068268536484,NA
scenario2_perennialexpand,Contra Costa & Alameda,Biodiversity Support,species distribution: riparian,Spotted Towhee,ha,2425534.3483495736,NA,2395209.6528634327,NA,30324.695486140903,NA,0.012660559984754672,NA,1.2660559984754671,NA
scenario2_perennialexpand,Contra Costa & Alameda,Biodiversity Support,species distribution: riparian,Yellow-breasted Chat,ha,164339.7374009196,NA,165237.04548399482,NA,-897.3080830752151,NA,-0.005430429238473222,NA,-0.5430429238473222,NA
scenario2_perennialexpand,Contra Costa & Alameda,Biodiversity Support,species distribution: riparian,Yellow Warbler,ha,383727.84753623937,NA,384205.1764199924,NA,-477.32888375304174,NA,-0.0012423801475054867,NA,-0.12423801475054867,NA
scenario2_perennialexpand,Contra Costa & Alameda,Biodiversity Support,species distribution: waterbird_fall,Cranes,ha,39891.52173853428,NA,42376.47888580751,NA,-2484.957147273235,NA,-0.058640010038811474,NA,-5.864001003881148,NA
scenario2_perennialexpand,Contra Costa & Alameda,Biodiversity Support,species distribution: waterbird_fall,Dabbling Ducks,ha,49870.30975520611,NA,61968.4085243692,NA,-12098.098769163094,NA,-0.19523010284192618,NA,-19.52301028419262,NA
scenario2_perennialexpand,Contra Costa & Alameda,Biodiversity Support,species distribution: waterbird_fall,Geese,ha,8136.6320168133825,NA,8183.967499864391,NA,-47.33548305100885,NA,-0.0057839285226625355,NA,-0.5783928522662536,NA
scenario2_perennialexpand,Contra Costa & Alameda,Biodiversity Support,species distribution: waterbird_fall,Herons/Egrets,ha,425653.76477373973,NA,427009.5493853092,NA,-1355.7846115694847,NA,-0.003175068598632443,NA,-0.31750685986324434,NA
scenario2_perennialexpand,Contra Costa & Alameda,Biodiversity Support,species distribution: waterbird_fall,Shorebirds,ha,161984.984757358,NA,160536.4643637712,NA,1448.5203935868049,NA,0.0090229992253006,NA,0.90229992253006,NA
scenario2_perennialexpand,Contra Costa & Alameda,Biodiversity Support,species distribution: waterbird_win,Cranes,ha,275261.4090803183,NA,271349.27203969826,NA,3912.1370406200294,NA,0.014417348575188681,NA,1.4417348575188682,NA
scenario2_perennialexpand,Contra Costa & Alameda,Biodiversity Support,species distribution: waterbird_win,Dabbling Ducks,ha,358532.2647826746,NA,354752.43143737316,NA,3779.8333453014493,NA,0.010654848312064999,NA,1.0654848312065,NA
scenario2_perennialexpand,Contra Costa & Alameda,Biodiversity Support,species distribution: waterbird_win,Diving Ducks,ha,136799.14064067547,NA,137199.36919911223,NA,-400.2285584367637,NA,-0.002917131184881231,NA,-0.2917131184881231,NA
scenario2_perennialexpand,Contra Costa & Alameda,Biodiversity Support,species distribution: waterbird_win,Geese,ha,519410.1176242655,NA,442457.7363690775,NA,76952.38125518797,NA,0.17392029775923704,NA,17.392029775923703,NA
scenario2_perennialexpand,Contra Costa & Alameda,Biodiversity Support,species distribution: waterbird_win,Herons/Egrets,ha,522112.1371534135,NA,518035.3580860628,NA,4076.779067350668,NA,0.007869692683551109,NA,0.7869692683551109,NA
scenario2_perennialexpand,Contra Costa & Alameda,Biodiversity Support,species distribution: waterbird_win,Shorebirds,ha,304970.47449498595,NA,284782.15018758137,NA,20188.324307404575,NA,0.07089041323027744,NA,7.089041323027743,NA
scenario2_perennialexpand,Contra Costa & Alameda,Climate Change Resilience,climate change resilience,Drought,ranking,211239.12214388823,8694.76674436509,211165.05714094514,8694.928092326509,74.06500294309808,12296.371142318607,3.507445973585598e-4,0.05823109034701027,0.03507445973585598,5.823109034701027
scenario2_perennialexpand,Contra Costa & Alameda,Climate Change Resilience,climate change resilience,Flood,ranking,182461.09884126147,8790.50699447112,182429.46179454977,8793.396324461928,31.637046711693984,12433.69744440109,1.7342070957443984e-4,0.06815619262156011,0.017342070957443983,6.815619262156011
scenario2_perennialexpand,Contra Costa & Alameda,Climate Change Resilience,climate change resilience,Heat,ranking,254250.05349584616,9779.855999678448,254351.73903560106,9781.093550636171,-101.6855397548934,13831.680101157019,-3.997831512394759e-4,0.05438013007632095,-0.03997831512394759,5.438013007632095
scenario2_perennialexpand,Contra Costa & Alameda,Climate Change Resilience,climate change resilience,Salinity,ranking,244578.42971867323,0,244729.26972466707,0,-150.84000599384308,0,-6.163545789334712e-4,0,-0.06163545789334712,0
scenario2_perennialexpand,Contra Costa & Alameda,Water Quality,pesticide application rate,Critical Pesticides,kg per ha,10587.138631076716,738.3289158021843,10575.280870547276,739.9950702892028,11.857760529439474,1045.3335792759895,0.0011212714512825823,0.0988469168217731,-0.11212714512825823,9.88469168217731
scenario2_perennialexpand,Contra Costa & Alameda,Water Quality,pesticide application rate,Groundwater Contaminant,kg per ha,1331.1173493850092,222.75186505545645,1314.2470657426973,222.82503226341612,16.87028364231196,315.07044988204893,0.012836462855466491,0.23974444456141092,-1.283646285546649,23.974444456141093
scenario2_perennialexpand,Contra Costa & Alameda,Water Quality,pesticide application rate,Risk to Aquatic Organisms,kg per ha,30941.01008922758,1322.6212192590676,30809.15767396046,1322.6813429513713,131.8524152671198,1870.511380512288,0.00427965011774924,0.06071311541426472,-0.427965011774924,6.071311541426471
scenario2_perennialexpand,Sacramento,Agricultural Livelihoods,livelihoods,Agricultural Jobs,number of employees per 100ha,43073.79570346935,3061.1408519455417,36348.475567743306,2488.600098511772,6725.320135726048,3945.087295075063,0.18502344405591228,0.10927190004979752,18.502344405591227,10.927190004979751
scenario2_perennialexpand,Sacramento,Agricultural Livelihoods,livelihoods,Annual Wages,annual dollars per employee (thousands),38.273691957363376,0.6087845320429061,38.50026621871204,0.6275812070487707,-0.22657426134866654,0.8743436268970525,-0.005885005055849356,0.022710269647915705,-0.5885005055849356,2.2710269647915706
scenario2_perennialexpand,Sacramento,Agricultural Livelihoods,production value,Gross Production Value,USD per ha per year (millions),158203.46745901147,4395.981750654668,134565.04276763787,3626.749952743213,23638.4246913736,5698.944706856856,0.17566541952646342,0.0426146713160902,17.566541952646343,4.26146713160902
scenario2_perennialexpand,Sacramento,Biodiversity Support,avian conservation contribution,Breeding Landbirds: Grassland,ranking,79504.65315923095,NA,83464.02331656218,NA,-3959.3701573312283,NA,-0.04743804575911872,NA,-4.743804575911872,NA
scenario2_perennialexpand,Sacramento,Biodiversity Support,avian conservation contribution,Breeding Landbirds: Oak Savannah,ranking,51447.15204432607,NA,50906.70202285051,NA,540.4500214755535,NA,0.010616480738291816,NA,1.0616480738291816,NA
scenario2_perennialexpand,Sacramento,Biodiversity Support,avian conservation contribution,Breeding Landbirds: Riparian,ranking,18846.360748887062,NA,16709.490663975477,NA,2136.870084911585,NA,0.1278836158374672,NA,12.78836158374672,NA
scenario2_perennialexpand,Sacramento,Biodiversity Support,avian conservation contribution,Breeding Waterbirds: Other Waterbirds,ranking,13418.190533190966,NA,13990.230555921793,NA,-572.0400227308273,NA,-0.040888534355761126,NA,-4.088853435576112,NA
scenario2_perennialexpand,Sacramento,Biodiversity Support,avian conservation contribution,Breeding Waterbirds: Shorebirds,ranking,13418.190533190966,NA,13990.230555921793,NA,-572.0400227308273,NA,-0.040888534355761126,NA,-4.088853435576112,NA
scenario2_perennialexpand,Sacramento,Biodiversity Support,avian conservation contribution,Breeding Waterbirds: Waterfowl,ranking,102997.80409276485,NA,109784.88436245918,NA,-6787.080269694328,NA,-0.061821627896300475,NA,-6.1821627896300475,NA
scenario2_perennialexpand,Sacramento,Biodiversity Support,avian conservation contribution,Wintering Waterbirds: Other Waterbirds,ranking,81246.33322843909,NA,87577.38348001242,NA,-6331.050251573324,NA,-0.07229092717777125,NA,-7.2290927177771245,NA
scenario2_perennialexpand,Sacramento,Biodiversity Support,avian conservation contribution,Wintering Waterbirds: Shorebirds,ranking,89814.33356890082,NA,97067.70385712385,NA,-7253.370288223028,NA,-0.07472485698126154,NA,-7.472485698126154,NA
scenario2_perennialexpand,Sacramento,Biodiversity Support,avian conservation contribution,Wintering Waterbirds: Waterfowl,ranking,90085.413579672575,NA,97673.22388118505,NA,-7587.81030151248,NA,-0.07768567474278006,NA,-7.768567474278005,NA
scenario2_perennialexpand,Sacramento,Biodiversity Support,species distribution: riparian,Ash-throated Flycatcher,ha,1236348.2920276518,NA,1297404.5394466985,NA,-61056.247419046704,NA,-0.047060300440358596,NA,-4.70603004403586,NA
scenario2_perennialexpand,Sacramento,Biodiversity Support,species distribution: riparian,Black-headed Grosbeak,ha,1544257.999171896,NA,1585590.540953229,NA,-41332.54178133304,NA,-0.026067601132688804,NA,-2.6067601132688805,NA
scenario2_perennialexpand,Sacramento,Biodiversity Support,species distribution: riparian,Common Yellowthroat,ha,1355606.743046207,NA,1410450.6593885317,NA,-54843.91634232481,NA,-0.03888396660830456,NA,-3.888396660830456,NA
scenario2_perennialexpand,Sacramento,Biodiversity Support,species distribution: riparian,Lazuli Bunting,ha,464616.16960581805,NA,471538.0152515653,NA,-6921.845645747264,NA,-0.014679295034260308,NA,-1.467929503426031,NA
scenario2_perennialexpand,Sacramento,Biodiversity Support,species distribution: riparian,Nuttall's Woodpecker,ha,556326.0859228671,NA,599837.1050848109,NA,-43511.01916194381,NA,-0.07253805873811657,NA,-7.253805873811657,NA
scenario2_perennialexpand,Sacramento,Biodiversity Support,species distribution: riparian,Song Sparrow,ha,4229679.524655268,NA,4285164.790940533,NA,-55485.266285265796,NA,-0.012948222295340843,NA,-1.2948222295340843,NA
scenario2_perennialexpand,Sacramento,Biodiversity Support,species distribution: riparian,Spotted Towhee,ha,3524630.2143202373,NA,3405389.153350538,NA,119241.06096969917,NA,0.03501539929801525,NA,3.501539929801525,NA
scenario2_perennialexpand,Sacramento,Biodiversity Support,species distribution: riparian,Yellow-breasted Chat,ha,180095.4355587769,NA,185534.70521230873,NA,-5439.269653531839,NA,-0.02931672350629842,NA,-2.931672350629842,NA
scenario2_perennialexpand,Sacramento,Biodiversity Support,species distribution: riparian,Yellow Warbler,ha,368140.34222629335,NA,365230.5421613778,NA,2909.8000649155583,NA,0.007967022822614484,NA,0.7967022822614485,NA
scenario2_perennialexpand,Sacramento,Biodiversity Support,species distribution: waterbird_fall,Cranes,ha,337965.01570050087,NA,333762.6273296256,NA,4202.388370875269,NA,0.012590949455599083,NA,1.2590949455599083,NA
scenario2_perennialexpand,Sacramento,Biodiversity Support,species distribution: waterbird_fall,Dabbling Ducks,ha,238636.4229613087,NA,264053.73226019245,NA,-25417.309298883745,NA,-0.09625809520404019,NA,-9.625809520404019,NA
scenario2_perennialexpand,Sacramento,Biodiversity Support,species distribution: waterbird_fall,Geese,ha,176416.70482046902,NA,155511.6040085132,NA,20905.10081195581,NA,0.13442791581528152,NA,13.442791581528152,NA
scenario2_perennialexpand,Sacramento,Biodiversity Support,species distribution: waterbird_fall,Herons/Egrets,ha,748950.6281574568,NA,785495.4619215594,NA,-36544.83376410266,NA,-0.04652456383987623,NA,-4.652456383987623,NA
scenario2_perennialexpand,Sacramento,Biodiversity Support,species distribution: waterbird_fall,Shorebirds,ha,329485.307020425,NA,335656.5229641481,NA,-6171.215943723102,NA,-0.01838550876123524,NA,-1.838550876123524,NA
scenario2_perennialexpand,Sacramento,Biodiversity Support,species distribution: waterbird_win,Cranes,ha,689421.0171123346,NA,720900.4360606687,NA,-31479.41894833406,NA,-0.043666805253097185,NA,-4.366680525309718,NA
scenario2_perennialexpand,Sacramento,Biodiversity Support,species distribution: waterbird_win,Dabbling Ducks,ha,584110.9605391924,NA,591066.5265455532,NA,-6955.566006360808,NA,-0.011767822561382599,NA,-1.17678225613826,NA
scenario2_perennialexpand,Sacramento,Biodiversity Support,species distribution: waterbird_win,Diving Ducks,ha,166549.3166001423,NA,165114.08810593744,NA,1435.2284942048718,NA,0.008692344249171683,NA,0.8692344249171683,NA
scenario2_perennialexpand,Sacramento,Biodiversity Support,species distribution: waterbird_win,Geese,ha,961257.4913386256,NA,989731.597538427,NA,-28474.106199801434,NA,-0.02876952324308905,NA,-2.8769523243089052,NA
scenario2_perennialexpand,Sacramento,Biodiversity Support,species distribution: waterbird_win,Herons/Egrets,ha,766802.4284732839,NA,803334.0353114738,NA,-36531.60683818988,NA,-0.045474989521669666,NA,-4.547498952166967,NA
scenario2_perennialexpand,Sacramento,Biodiversity Support,species distribution: waterbird_win,Shorebirds,ha,573876.2543617851,NA,599796.9054992001,NA,-25920.65113741497,NA,-0.043215713351908144,NA,-4.321571335190814,NA
scenario2_perennialexpand,Sacramento,Climate Change Resilience,climate change resilience,Drought,ranking,196304.42905043685,14358.217877472256,203367.91183111444,12963.442924930736,-7063.482780677587,19344.489475943803,-0.03473253335336112,0.09514641977170571,-3.473253335336112,9.514641977170571
scenario2_perennialexpand,Sacramento,Climate Change Resilience,climate change resilience,Flood,ranking,214769.2558068904,15013.07811618019,216676.21781448444,14087.164703174116,-1906.962007594033,20587.392353012638,-0.008800975145443746,0.09501626839347369,-0.8800975145443747,9.501626839347368
scenario2_perennialexpand,Sacramento,Climate Change Resilience,climate change resilience,Heat,ranking,239267.55522192377,17033.624777390207,249858.78617849573,15447.163760423753,-10591.230956571962,22994.765519532277,-0.042388867402108205,0.09206835065386283,-4.238886740210821,9.206835065386283
scenario2_perennialexpand,Sacramento,Climate Change Resilience,climate change resilience,Salinity,ranking,168998.85671541095,0,179340.75712636113,0,-10341.900410950184,0,-0.05766620246653368,0,-5.766620246653368,0
scenario2_perennialexpand,Sacramento,Water Quality,pesticide application rate,Critical Pesticides,kg per ha,17763.644592102533,1164.5581689698254,17121.5638034733,1270.2344587126292,642.080788629235,1723.2792312957638,0.03750129345655809,0.10068808564021925,-3.7501293456558087,10.068808564021925
scenario2_perennialexpand,Sacramento,Water Quality,pesticide application rate,Groundwater Contaminant,kg per ha,3607.1812272041975,308.1220048347929,2994.1522359578125,296.31821501173386,613.028991246385,427.48526806330096,0.2047420915624487,0.14420404783519458,-20.47420915624487,14.420404783519459
scenario2_perennialexpand,Sacramento,Water Quality,pesticide application rate,Risk to Aquatic Organisms,kg per ha,61210.533521136014,2421.084339988121,54764.95186061751,2237.2525239895945,6445.581660518503,3296.505458426169,0.11769537708940524,0.060385428543459053,-11.769537708940524,6.038542854345906
scenario2_perennialexpand,San Joaquin,Agricultural Livelihoods,livelihoods,Agricultural Jobs,number of employees per 100ha,180629.84687780982,14950.0033911968,148199.02603342905,9343.293798167897,32430.820844380767,17629.513334056574,0.2188328878562629,0.11975572531798043,21.88328878562629,11.975572531798043
scenario2_perennialexpand,San Joaquin,Agricultural Livelihoods,livelihoods,Annual Wages,annual dollars per employee (thousands),38.08993752372798,0.5842454587886518,38.38017022851718,0.6466502063082321,-0.29023270478919727,0.8714925389431865,-0.007562048397939334,0.02270720147142194,-0.7562048397939334,2.270720147142194
scenario2_perennialexpand,San Joaquin,Agricultural Livelihoods,production value,Gross Production Value,USD per ha per year (millions),547946.6182665797,21071.049664588187,457744.73382659274,13288.166284959236,90201.88443998696,24911.13199323285,0.19705717570124598,0.054721278297832354,19.705717570124598,5.472127829783235
scenario2_perennialexpand,San Joaquin,Biodiversity Support,avian conservation contribution,Breeding Landbirds: Grassland,ranking,128675.34511309862,NA,144229.68573117256,NA,-15554.34061807394,NA,-0.1078442384396887,NA,-10.78442384396887,NA
scenario2_perennialexpand,San Joaquin,Biodiversity Support,avian conservation contribution,Breeding Landbirds: Oak Savannah,ranking,95654.34380096197,NA,92447.46367353201,NA,3206.880127429962,NA,0.03468867614102107,NA,3.4688676141021073,NA
scenario2_perennialexpand,San Joaquin,Biodiversity Support,avian conservation contribution,Breeding Landbirds: Riparian,ranking,40869.631624013186,NA,31258.801242113113,NA,9610.830381900072,NA,0.3074599792698376,NA,30.745997926983758,NA
scenario2_perennialexpand,San Joaquin,Biodiversity Support,avian conservation contribution,Breeding Waterbirds: Other Waterbirds,ranking,33368.94132596254,NA,35781.751421839,NA,-2412.8100958764553,NA,-0.06743130227001194,NA,-6.743130227001195,NA
scenario2_perennialexpand,San Joaquin,Biodiversity Support,avian conservation contribution,Breeding Waterbirds: Shorebirds,ranking,33368.94132596254,NA,35781.751421839,NA,-2412.8100958764553,NA,-0.06743130227001194,NA,-6.743130227001195,NA
scenario2_perennialexpand,San Joaquin,Biodiversity Support,avian conservation contribution,Breeding Waterbirds: Waterfowl,ranking,208969.65830370784,NA,235036.98933953047,NA,-26067.33103582263,NA,-0.11090735594032905,NA,-11.090735594032905,NA
scenario2_perennialexpand,San Joaquin,Biodiversity Support,avian conservation contribution,Wintering Waterbirds: Other Waterbirds,ranking,244155.33970186114,NA,267919.4806461632,NA,-23764.140944302082,NA,-0.08869881684970488,NA,-8.869881684970487,NA
scenario2_perennialexpand,San Joaquin,Biodiversity Support,avian conservation contribution,Wintering Waterbirds: Shorebirds,ranking,284970.3413237035,NA,313064.2024400532,NA,-28093.861116349697,NA,-0.08973833768723277,NA,-8.973833768723278,NA
scenario2_perennialexpand,San Joaquin,Biodiversity Support,avian conservation contribution,Wintering Waterbirds: Waterfowl,ranking,274611.34091207385,NA,303047.922042042,NA,-28436.581129968166,NA,-0.09383526188977842,NA,-9.383526188977843,NA
scenario2_perennialexpand,San Joaquin,Biodiversity Support,species distribution: riparian,Ash-throated Flycatcher,ha,3843775.312436041,NA,3922613.52221585,NA,-78838.20977980923,NA,-0.02009838831516448,NA,-2.009838831516448,NA
scenario2_perennialexpand,San Joaquin,Biodiversity Support,species distribution: riparian,Black-headed Grosbeak,ha,3658045.5867036353,NA,3689816.075691085,NA,-31770.488987449557,NA,-0.00861031778704555,NA,-0.8610317787045549,NA
scenario2_perennialexpand,San Joaquin,Biodiversity Support,species distribution: riparian,Common Yellowthroat,ha,2272831.1623896784,NA,2446191.5130781634,NA,-173360.35068848496,NA,-0.07086949233600157,NA,-7.086949233600157,NA
scenario2_perennialexpand,San Joaquin,Biodiversity Support,species distribution: riparian,Lazuli Bunting,ha,1537195.631870462,NA,1553516.2864489688,NA,-16320.654578506714,NA,-0.010505621808325231,NA,-1.0505621808325232,NA
scenario2_perennialexpand,San Joaquin,Biodiversity Support,species distribution: riparian,Nuttall's Woodpecker,ha,1622903.8844215064,NA,1803504.4401706404,NA,-180600.55574913393,NA,-0.10013868096274064,NA,-10.013868096274065,NA
scenario2_perennialexpand,San Joaquin,Biodiversity Support,species distribution: riparian,Song Sparrow,ha,12092690.457067888,NA,12092639.707067112,NA,50.75000077672303,NA,4.19676778652919e-6,NA,4.1967677865291896e-4,NA
scenario2_perennialexpand,San Joaquin,Biodiversity Support,species distribution: riparian,Spotted Towhee,ha,8721145.893259853,NA,7372971.998110968,NA,1348173.8951488854,NA,0.18285352168627544,NA,18.285352168627544,NA
scenario2_perennialexpand,San Joaquin,Biodiversity Support,species distribution: riparian,Yellow-breasted Chat,ha,555223.8207581349,NA,646641.5184171146,NA,-91417.69765897968,NA,-0.14137307156329376,NA,-14.137307156329376,NA
scenario2_perennialexpand,San Joaquin,Biodiversity Support,species distribution: riparian,Yellow Warbler,ha,909258.1447862296,NA,904678.7623225402,NA,4579.382463689428,NA,0.005061887881542604,NA,0.5061887881542604,NA
scenario2_perennialexpand,San Joaquin,Biodiversity Support,species distribution: waterbird_fall,Cranes,ha,556679.258121933,NA,538220.7565498202,NA,18458.501572112786,NA,0.0342954101035384,NA,3.42954101035384,NA
scenario2_perennialexpand,San Joaquin,Biodiversity Support,species distribution: waterbird_fall,Dabbling Ducks,ha,156236.7031555105,NA,181116.33923940567,NA,-24879.636083895166,NA,-0.1373682583712584,NA,-13.73682583712584,NA
scenario2_perennialexpand,San Joaquin,Biodiversity Support,species distribution: waterbird_fall,Geese,ha,722988.4072522142,NA,416640.6822699666,NA,306347.7249822476,NA,0.7352803939192535,NA,73.52803939192535,NA
scenario2_perennialexpand,San Joaquin,Biodiversity Support,species distribution: waterbird_fall,Herons/Egrets,ha,1154905.2500903606,NA,1308541.282474995,NA,-153636.03238463425,NA,-0.11741015315469812,NA,-11.741015315469811,NA
scenario2_perennialexpand,San Joaquin,Biodiversity Support,species distribution: waterbird_fall,Shorebirds,ha,370562.9942660427,NA,411014.9118530875,NA,-40451.917587044765,NA,-0.09841958629837702,NA,-9.841958629837702,NA
scenario2_perennialexpand,San Joaquin,Biodiversity Support,species distribution: waterbird_win,Cranes,ha,1495173.858981497,NA,1719494.589693182,NA,-224320.73071168503,NA,-0.13045736349290388,NA,-13.045736349290388,NA
scenario2_perennialexpand,San Joaquin,Biodiversity Support,species distribution: waterbird_win,Dabbling Ducks,ha,1975903.901721289,NA,2095342.6014524675,NA,-119438.69973117858,NA,-0.057001990819250774,NA,-5.700199081925077,NA
scenario2_perennialexpand,San Joaquin,Biodiversity Support,species distribution: waterbird_win,Diving Ducks,ha,541851.6080258492,NA,562388.0882831698,NA,-20536.480257320567,NA,-0.03651656335754427,NA,-3.6516563357544265,NA
scenario2_perennialexpand,San Joaquin,Biodiversity Support,species distribution: waterbird_win,Geese,ha,2558890.97228163,NA,2564959.753034088,NA,-6068.780752457678,NA,-0.0023660335197380486,NA,-0.23660335197380486,NA
scenario2_perennialexpand,San Joaquin,Biodiversity Support,species distribution: waterbird_win,Herons/Egrets,ha,2235685.1965637673,NA,2372467.32361565,NA,-136782.1270518829,NA,-0.057653956153725386,NA,-5.7653956153725385,NA
scenario2_perennialexpand,San Joaquin,Biodiversity Support,species distribution: waterbird_win,Shorebirds,ha,1662919.7246297577,NA,1800730.2895569296,NA,-137810.56492717192,NA,-0.07653037532960044,NA,-7.653037532960044,NA
scenario2_perennialexpand,San Joaquin,Climate Change Resilience,climate change resilience,Drought,ranking,580851.7293309731,37097.739724950436,625759.1411154332,36456.17342190646,-44907.41178446007,52012.4492142822,-0.07176469161027572,0.08322404630937222,-7.176469161027573,8.322404630937221
scenario2_perennialexpand,San Joaquin,Climate Change Resilience,climate change resilience,Flood,ranking,606761.509678717,38413.9931986861,613961.0889420754,38834.020532181006,-7199.579263358377,54623.40179961843,-0.011726442266502702,0.08897192506020388,-1.1726442266502701,8.897192506020387
scenario2_perennialexpand,San Joaquin,Climate Change Resilience,climate change resilience,Heat,ranking,714399.4714233977,44269.58736384581,761610.3602636755,41380.886228941745,-47210.888840277796,60598.46623849317,-0.06198824399386192,0.079637483878302745,-6.198824399386192,7.963748387830274
scenario2_perennialexpand,San Joaquin,Climate Change Resilience,climate change resilience,Salinity,ranking,574473.8028275371,0,620952.0546744168,0,-46478.25184687972,0,-0.07484998478868005,0,-7.484998478868005,0
scenario2_perennialexpand,San Joaquin,Water Quality,pesticide application rate,Critical Pesticides,kg per ha,77571.15508275128,5261.369266540104,75525.94524569312,5846.074233648729,2045.2098370581662,7865.023236089282,0.027079566239189765,0.10415780024044635,-2.7079566239189763,10.415780024044635
scenario2_perennialexpand,San Joaquin,Water Quality,pesticide application rate,Groundwater Contaminant,kg per ha,9618.474978636474,1160.1907727022426,8278.012493475673,1225.4337725315404,1340.4624851608005,1687.522017611714,0.16193047379637177,0.20526049181105221,-16.193047379637175,20.526049181105222
scenario2_perennialexpand,San Joaquin,Water Quality,pesticide application rate,Risk to Aquatic Organisms,kg per ha,270186.79592411907,11305.183083722159,236526.69498481267,10413.82648342474,33660.1009393064,15370.587060465718,0.14230994493652274,0.06528593570403048,-14.230994493652274,6.528593570403047
scenario2_perennialexpand,Solano,Agricultural Livelihoods,livelihoods,Agricultural Jobs,number of employees per 100ha,21397.97519987762,1324.4729988513911,18735.969912971115,1041.2069309048773,2662.005286906504,1684.7375456286213,0.1420799296364993,0.09026594589833134,14.207992963649929,9.026594589833135
scenario2_perennialexpand,Solano,Agricultural Livelihoods,livelihoods,Annual Wages,annual dollars per employee (thousands),39.89508139816783,0.8694279309061004,40.019539597004204,0.8919181015486684,-0.12445819883637199,1.2455612497624688,-0.003109935798603958,0.031123904744366486,-0.3109935798603958,3.1123904744366486
scenario2_perennialexpand,Solano,Agricultural Livelihoods,production value,Gross Production Value,USD per ha per year (millions),67013.5392608565,1891.5486600885977,58696.698302170415,1517.9707058485553,8316.840958686087,2425.3229470108367,0.1416918020817971,0.04148174337669167,14.16918020817971,4.148174337669167
scenario2_perennialexpand,Solano,Biodiversity Support,avian conservation contribution,Breeding Landbirds: Grassland,ranking,151623.90602499247,NA,153669.06610625982,NA,-2045.1600812673569,NA,-0.013308859961790617,NA,-1.3308859961790618,NA
scenario2_perennialexpand,Solano,Biodiversity Support,avian conservation contribution,Breeding Landbirds: Oak Savannah,ranking,79052.49314126372,NA,79211.97314760089,NA,-159.48000633716583,NA,-0.0020133320759476124,NA,-0.20133320759476125,NA
scenario2_perennialexpand,Solano,Biodiversity Support,avian conservation contribution,Breeding Landbirds: Riparian,ranking,17472.24069428444,NA,16790.760667204857,NA,681.4800270795822,NA,0.0405866083488776,NA,4.0586608348877595,NA
scenario2_perennialexpand,Solano,Biodiversity Support,avian conservation contribution,Breeding Waterbirds: Other Waterbirds,ranking,17665.20070195198,NA,17977.770714372396,NA,-312.5700124204159,NA,-0.017386472293282204,NA,-1.7386472293282205,NA
scenario2_perennialexpand,Solano,Biodiversity Support,avian conservation contribution,Breeding Waterbirds: Shorebirds,ranking,17665.20070195198,NA,17977.770714372396,NA,-312.5700124204159,NA,-0.017386472293282204,NA,-1.7386472293282205,NA
scenario2_perennialexpand,Solano,Biodiversity Support,avian conservation contribution,Breeding Waterbirds: Waterfowl,ranking,176598.9070174098,NA,179970.84715139866,NA,-3371.9401339888573,NA,-0.018736035237708507,NA,-1.8736035237708508,NA
scenario2_perennialexpand,Solano,Biodiversity Support,avian conservation contribution,Wintering Waterbirds: Other Waterbirds,ranking,45733.501817286015,NA,47514.60188806057,NA,-1781.1000707745552,NA,-0.03748532030154942,NA,-3.748532030154942,NA
scenario2_perennialexpand,Solano,Biodiversity Support,avian conservation contribution,Wintering Waterbirds: Shorebirds,ranking,58128.302309811115,NA,60455.162402272224,NA,-2326.860092461109,NA,-0.03848902227700663,NA,-3.848902227700663,NA
scenario2_perennialexpand,Solano,Biodiversity Support,avian conservation contribution,Wintering Waterbirds: Waterfowl,ranking,56867.5822597146,NA,59238.36235392094,NA,-2370.780094206333,NA,-0.04002102691566748,NA,-4.002102691566748,NA
scenario2_perennialexpand,Solano,Biodiversity Support,species distribution: riparian,Ash-throated Flycatcher,ha,853316.4975556235,NA,867752.7180410094,NA,-14436.220485385857,NA,-0.016636329895890468,NA,-1.6636329895890467,NA
scenario2_perennialexpand,Solano,Biodiversity Support,species distribution: riparian,Black-headed Grosbeak,ha,1028092.2616717716,NA,1038096.1780505877,NA,-10003.916378816008,NA,-0.009636791455683892,NA,-0.9636791455683892,NA
scenario2_perennialexpand,Solano,Biodiversity Support,species distribution: riparian,Common Yellowthroat,ha,1378882.743368422,NA,1395865.4883645475,NA,-16982.744996125577,NA,-0.012166462411806777,NA,-1.2166462411806778,NA
scenario2_perennialexpand,Solano,Biodiversity Support,species distribution: riparian,Lazuli Bunting,ha,439938.59866253205,NA,443038.90202074416,NA,-3100.3033582121134,NA,-0.006997812932614549,NA,-0.6997812932614549,NA
scenario2_perennialexpand,Solano,Biodiversity Support,species distribution: riparian,Nuttall's Woodpecker,ha,331709.3305009107,NA,343008.7698185196,NA,-11299.439317608892,NA,-0.03294212950761359,NA,-3.294212950761359,NA
scenario2_perennialexpand,Solano,Biodiversity Support,species distribution: riparian,Song Sparrow,ha,2339010.1608157987,NA,2343259.1072454634,NA,-4248.946429664735,NA,-0.001813263593653301,NA,-0.18132635936533012,NA
scenario2_perennialexpand,Solano,Biodiversity Support,species distribution: riparian,Spotted Towhee,ha,1592533.9556663197,NA,1488736.8962269276,NA,103797.05943939206,NA,0.0697215604063126,NA,6.972156040631259,NA
scenario2_perennialexpand,Solano,Biodiversity Support,species distribution: riparian,Yellow-breasted Chat,ha,134958.5440796593,NA,142339.4683978831,NA,-7380.924318223784,NA,-0.05185437603006782,NA,-5.185437603006782,NA
scenario2_perennialexpand,Solano,Biodiversity Support,species distribution: riparian,Yellow Warbler,ha,370387.71845253394,NA,371102.7918787673,NA,-715.0734262333717,NA,-0.0019268877569290114,NA,-0.19268877569290113,NA
scenario2_perennialexpand,Solano,Biodiversity Support,species distribution: waterbird_fall,Cranes,ha,41184.61564747203,NA,41673.70535342715,NA,-489.08970595512073,NA,-0.011736170369474937,NA,-1.1736170369474936,NA
scenario2_perennialexpand,Solano,Biodiversity Support,species distribution: waterbird_fall,Dabbling Ducks,ha,252989.40018485815,NA,258598.32519744008,NA,-5608.9250125819235,NA,-0.021689719020026536,NA,-2.1689719020026534,NA
scenario2_perennialexpand,Solano,Biodiversity Support,species distribution: waterbird_fall,Geese,ha,110245.99926424627,NA,65928.87616327757,NA,44317.1231009687,NA,0.6721959432648933,NA,67.21959432648933,NA
scenario2_perennialexpand,Solano,Biodiversity Support,species distribution: waterbird_fall,Herons/Egrets,ha,1028205.1781806682,NA,1044418.4124310812,NA,-16213.234250413021,NA,-0.015523696305462152,NA,-1.5523696305462151,NA
scenario2_perennialexpand,Solano,Biodiversity Support,species distribution: waterbird_fall,Shorebirds,ha,419285.87259478454,NA,419805.04271843366,NA,-519.1701236491208,NA,-0.0012366933953133384,NA,-0.12366933953133384,NA
scenario2_perennialexpand,Solano,Biodiversity Support,species distribution: waterbird_win,Cranes,ha,127575.31279068856,NA,131190.31448831988,NA,-3615.00169763132,NA,-0.027555400806308535,NA,-2.7555400806308534,NA
scenario2_perennialexpand,Solano,Biodiversity Support,species distribution: waterbird_win,Dabbling Ducks,ha,299450.99598110345,NA,305362.2221880903,NA,-5911.226206986874,NA,-0.019358079609945355,NA,-1.9358079609945356,NA
scenario2_perennialexpand,Solano,Biodiversity Support,species distribution: waterbird_win,Diving Ducks,ha,113513.50238225682,NA,113633.1418997841,NA,-119.63951752727735,NA,-0.001052857604102775,NA,-0.10528576041027751,NA
scenario2_perennialexpand,Solano,Biodiversity Support,species distribution: waterbird_win,Geese,ha,305987.52620838996,NA,284586.2914566287,NA,21401.23475176125,NA,0.07520121451465916,NA,7.520121451465917,NA
scenario2_perennialexpand,Solano,Biodiversity Support,species distribution: waterbird_win,Herons/Egrets,ha,776496.3259857562,NA,790276.886475583,NA,-13780.56048982672,NA,-0.017437635752304764,NA,-1.7437635752304763,NA
scenario2_perennialexpand,Solano,Biodiversity Support,species distribution: waterbird_win,Shorebirds,ha,338254.151760911,NA,341040.0437463023,NA,-2785.891985391325,NA,-0.008168811951782805,NA,-0.8168811951782805,NA
scenario2_perennialexpand,Solano,Climate Change Resilience,climate change resilience,Drought,ranking,174123.64816905186,11084.524044800812,176625.80826847875,11124.58899875258,-2502.1600994268956,15704.239990872984,-0.014166446704229688,0.0889169645232095,-1.4166446704229687,8.89169645232095
scenario2_perennialexpand,Solano,Climate Change Resilience,climate change resilience,Flood,ranking,202962.00636043976,10946.578658530834,203584.02161242915,11001.785803984876,-622.0152519893891,15519.886443017742,-0.003055324514482496,0.07623350163645418,-0.3055324514482496,7.6233501636454175
scenario2_perennialexpand,Solano,Climate Change Resilience,climate change resilience,Heat,ranking,230868.19881673477,11841.419575968646,234533.45056952164,11852.642987796533,-3665.251752786862,16754.234192295862,-0.01562784218577976,0.07144080325769572,-1.562784218577976,7.144080325769572
scenario2_perennialexpand,Solano,Climate Change Resilience,climate change resilience,Salinity,ranking,137894.67547944188,0,141848.91563656926,0,-3954.2401571273804,0,-0.027876421468448365,0,-2.7876421468448367,0
scenario2_perennialexpand,Solano,Water Quality,pesticide application rate,Critical Pesticides,kg per ha,12437.169080891965,1527.459908006988,12336.140229225362,1594.8851111500442,101.02885166660235,2208.3460526685585,0.008189664659230805,0.17901747536563284,-0.8189664659230804,17.901747536563285
scenario2_perennialexpand,Solano,Water Quality,pesticide application rate,Groundwater Contaminant,kg per ha,1709.8203111446805,322.74530564792934,1575.0855804027103,335.215357005367,134.73473074197022,465.33199749212497,0.08554121275589475,0.2959932237557595,-8.554121275589475,29.599322375575948
scenario2_perennialexpand,Solano,Water Quality,pesticide application rate,Risk to Aquatic Organisms,kg per ha,34438.89674489078,2164.3157638604775,31977.323931996696,2205.1193427223043,2461.5728128940827,3089.791909068151,0.07697869959753006,0.09677017361988619,-7.697869959753007,9.677017361988618
scenario2_perennialexpand,Yolo,Agricultural Livelihoods,livelihoods,Agricultural Jobs,number of employees per 100ha,31790.016568274033,1757.8244134355189,26171.572575179478,1281.267670725424,5618.4439930945555,2175.2226351608424,0.2146773556290981,0.08377579978292654,21.46773556290981,8.377579978292655
scenario2_perennialexpand,Yolo,Agricultural Livelihoods,livelihoods,Annual Wages,annual dollars per employee (thousands),38.4773289834562,0.6564343978916188,38.78443657540154,0.6936273109558573,-0.3071075919453463,0.9549999818006206,-0.007918320312538066,0.024623685677607005,-0.7918320312538066,2.4623685677607003
scenario2_perennialexpand,Yolo,Agricultural Livelihoods,production value,Gross Production Value,USD per ha per year (millions),114997.13756984595,2485.230938097761,95862.78674700446,1804.226285310261,19134.350822841487,3071.091874933529,0.19960144569278757,0.03225583847095904,19.960144569278757,3.225583847095904
scenario2_perennialexpand,Yolo,Biodiversity Support,avian conservation contribution,Breeding Landbirds: Grassland,ranking,95902.56381082533,NA,101935.71405056119,NA,-6033.150239735856,NA,-0.059185833894716725,NA,-5.918583389471673,NA
scenario2_perennialexpand,Yolo,Biodiversity Support,avian conservation contribution,Breeding Landbirds: Oak Savannah,ranking,54612.362170100205,NA,55542.87220707536,NA,-930.5100369751526,NA,-0.016753005381248885,NA,-1.6753005381248884,NA
scenario2_perennialexpand,Yolo,Biodiversity Support,avian conservation contribution,Breeding Landbirds: Riparian,ranking,17787.690706819296,NA,16395.03065147996,NA,1392.6600553393364,NA,0.08494403486910362,NA,8.494403486910363,NA
scenario2_perennialexpand,Yolo,Biodiversity Support,avian conservation contribution,Breeding Waterbirds: Other Waterbirds,ranking,20997.810834378004,NA,21640.23085990548,NA,-642.4200255274773,NA,-0.029686375791754524,NA,-2.9686375791754522,NA
scenario2_perennialexpand,Yolo,Biodiversity Support,avian conservation contribution,Breeding Waterbirds: Shorebirds,ranking,20997.810834378004,NA,21640.23085990548,NA,-642.4200255274773,NA,-0.029686375791754524,NA,-2.9686375791754522,NA
scenario2_perennialexpand,Yolo,Biodiversity Support,avian conservation contribution,Breeding Waterbirds: Waterfowl,ranking,135162.72537088394,NA,144332.19573524594,NA,-9169.470364362001,NA,-0.06353031849651834,NA,-6.353031849651834,NA
scenario2_perennialexpand,Yolo,Biodiversity Support,avian conservation contribution,Wintering Waterbirds: Other Waterbirds,ranking,30770.011222690344,NA,32879.07130649686,NA,-2109.0600838065147,NA,-0.06414597493177271,NA,-6.414597493177271,NA
scenario2_perennialexpand,Yolo,Biodiversity Support,avian conservation contribution,Wintering Waterbirds: Shorebirds,ranking,34423.29136785865,NA,36861.03146472573,NA,-2437.7400968670845,NA,-0.06613325780641507,NA,-6.6133257806415076,NA
scenario2_perennialexpand,Yolo,Biodiversity Support,avian conservation contribution,Wintering Waterbirds: Waterfowl,ranking,43397.37172445655,NA,46900.35186365247,NA,-3502.980139195919,NA,-0.07468984773034743,NA,-7.468984773034743,NA
scenario2_perennialexpand,Yolo,Biodiversity Support,species distribution: riparian,Ash-throated Flycatcher,ha,1199310.052760049,NA,1248950.7372896292,NA,-49640.684529580176,NA,-0.03974591074529195,NA,-3.974591074529195,NA
scenario2_perennialexpand,Yolo,Biodiversity Support,species distribution: riparian,Black-headed Grosbeak,ha,914049.8976732296,NA,925247.3839274712,NA,-11197.486254241667,NA,-0.012102153919863901,NA,-1.21021539198639,NA
scenario2_perennialexpand,Yolo,Biodiversity Support,species distribution: riparian,Common Yellowthroat,ha,1010471.775535101,NA,1038398.4779321484,NA,-27926.702397047426,NA,-0.026894013223767676,NA,-2.6894013223767677,NA
scenario2_perennialexpand,Yolo,Biodiversity Support,species distribution: riparian,Lazuli Bunting,ha,410956.82335678075,NA,415915.57262055576,NA,-4958.749263775011,NA,-0.01192249002010543,NA,-1.192249002010543,NA
scenario2_perennialexpand,Yolo,Biodiversity Support,species distribution: riparian,Nuttall's Woodpecker,ha,489590.363560141,NA,520893.248432378,NA,-31302.884872236988,NA,-0.060094625849812115,NA,-6.009462584981211,NA
scenario2_perennialexpand,Yolo,Biodiversity Support,species distribution: riparian,Song Sparrow,ha,1705849.4990737075,NA,1738127.401525817,NA,-32277.902452109614,NA,-0.018570504339195402,NA,-1.8570504339195402,NA
scenario2_perennialexpand,Yolo,Biodiversity Support,species distribution: riparian,Spotted Towhee,ha,2840921.9089957057,NA,2665419.4191808323,NA,175502.48981487332,NA,0.0658442301995424,NA,6.58442301995424,NA
scenario2_perennialexpand,Yolo,Biodiversity Support,species distribution: riparian,Yellow-breasted Chat,ha,100092.88296307334,NA,106699.80552483143,NA,-6606.922561758096,NA,-0.061920661703741504,NA,-6.192066170374151,NA
scenario2_perennialexpand,Yolo,Biodiversity Support,species distribution: riparian,Yellow Warbler,ha,319106.4024027437,NA,318537.67369283986,NA,568.7287099038367,NA,0.0017854362509479853,NA,0.17854362509479854,NA
scenario2_perennialexpand,Yolo,Biodiversity Support,species distribution: waterbird_fall,Cranes,ha,79726.82016724204,NA,74185.69325537473,NA,5541.126911867308,NA,0.07469266200415071,NA,7.469266200415071,NA
scenario2_perennialexpand,Yolo,Biodiversity Support,species distribution: waterbird_fall,Dabbling Ducks,ha,536412.7457303823,NA,568574.3937780667,NA,-32161.64804768446,NA,-0.056565417647419076,NA,-5.656541764741908,NA
scenario2_perennialexpand,Yolo,Biodiversity Support,species distribution: waterbird_fall,Geese,ha,418749.12585930695,NA,294361.6916096588,NA,124387.43424964813,NA,0.4225666511476408,NA,42.25666511476408,NA
scenario2_perennialexpand,Yolo,Biodiversity Support,species distribution: waterbird_fall,Herons/Egrets,ha,869770.5523603492,NA,928576.2230965828,NA,-58805.67073623359,NA,-0.0633288568817006,NA,-6.332885688170061,NA
scenario2_perennialexpand,Yolo,Biodiversity Support,species distribution: waterbird_fall,Shorebirds,ha,658631.9324384547,NA,679777.8887270846,NA,-21145.95628862991,NA,-0.031107155203630832,NA,-3.110715520363083,NA
scenario2_perennialexpand,Yolo,Biodiversity Support,species distribution: waterbird_win,Cranes,ha,120856.55060153868,NA,125182.95876309276,NA,-4326.408161554078,NA,-0.034560679858524145,NA,-3.4560679858524144,NA
scenario2_perennialexpand,Yolo,Biodiversity Support,species distribution: waterbird_win,Dabbling Ducks,ha,639787.2389335703,NA,650091.182446842,NA,-10303.943513271632,NA,-0.015849997341125584,NA,-1.5849997341125583,NA
scenario2_perennialexpand,Yolo,Biodiversity Support,species distribution: waterbird_win,Diving Ducks,ha,385823.7382002356,NA,377948.4273796585,NA,7875.310820577084,NA,0.020836998516377315,NA,2.0836998516377316,NA
scenario2_perennialexpand,Yolo,Biodiversity Support,species distribution: waterbird_win,Geese,ha,661628.266797339,NA,639386.7545163777,NA,22241.512280961266,NA,0.03478569445465664,NA,3.4785694454656637,NA
scenario2_perennialexpand,Yolo,Biodiversity Support,species distribution: waterbird_win,Herons/Egrets,ha,725884.9111696085,NA,748080.9583304657,NA,-22196.04716085724,NA,-0.029670648495576477,NA,-2.9670648495576475,NA
scenario2_perennialexpand,Yolo,Biodiversity Support,species distribution: waterbird_win,Shorebirds,ha,459478.1623755762,NA,462657.5991700792,NA,-3179.43679450301,NA,-0.006872116226354699,NA,-0.6872116226354699,NA
scenario2_perennialexpand,Yolo,Climate Change Resilience,climate change resilience,Drought,ranking,164438.0102841792,11315.276749630611,171501.71556486562,10360.204892569964,-7063.7052806864085,15341.7513125706,-0.04118737388381846,0.08948997556357917,-4.118737388381846,8.948997556357916
scenario2_perennialexpand,Yolo,Climate Change Resilience,climate change resilience,Flood,ranking,187637.9300696975,10471.242929847389,188981.6348958188,9569.133347416353,-1343.7048261213058,14185.035830639083,-0.00711024024563053,0.07506125667931368,-0.711024024563053,7.506125667931368
scenario2_perennialexpand,Yolo,Climate Change Resilience,climate change resilience,Heat,ranking,198986.9864784607,12815.110401381506,207563.49181926038,11524.999738804283,-8576.50534079969,17235.216087390236,-0.04131991259940758,0.08306756448622993,-4.131991259940758,8.306756448622993
scenario2_perennialexpand,Yolo,Climate Change Resilience,climate change resilience,Salinity,ranking,161222.22640639544,0,170307.1867673993,0,-9084.960361003876,0,-0.053344550711250105,0,-5.33445507112501,0
scenario2_perennialexpand,Yolo,Water Quality,pesticide application rate,Critical Pesticides,kg per ha,10639.227074795843,668.8587883380286,9871.352057217238,700.7965051603134,767.8750175786045,968.7558105022775,0.07778823135146803,0.09829336322427101,-7.778823135146803,9.829336322427102
scenario2_perennialexpand,Yolo,Water Quality,pesticide application rate,Groundwater Contaminant,kg per ha,2468.9496117892622,202.39124824781868,2077.8073912484356,180.79339375987612,391.14222054082666,271.3825134280464,0.1882475835769415,0.1316331223700698,-18.82475835769415,13.16331223700698
scenario2_perennialexpand,Yolo,Water Quality,pesticide application rate,Risk to Aquatic Organisms,kg per ha,45209.66542549114,1877.4210881557867,38783.28184364502,1741.2233449244954,6426.383581846123,2560.579754501333,0.1656998396307491,0.06644057136657229,-16.56998396307491,6.644057136657229
